Workbook

Sheet Proposed Bets
A1: ID | B1: Created By | C1: Created Date | D1: Bet Description | E1: Offered Moneyline Odds | F1: Maximum Wager | G1: Expiration | H1: Accepting New Bets? | I1: Moneyline formatted | J1: Formatted Max Wager | K1: Expiration Date | L1: Name | M1: Completed | N1: Minimum Bet
H2: FALSE | I2: {=if(len(E2:E10)=0,"",if(E2:E10>=0,"+" & E2:E10,E2:E10))} | J2: {=if(len(F2:F10)=0,"",if(F2:F10>=0,"$" & F2:F10,F2:F10))} | K2: {=IF(LEN(A2:A10) = 0, "", TEXT(G2:G10,"DDD M/D/YY - H:MM AM/PM"))} | L2: {=IF(LEN(A2:A10) = 0, "", vlookup(B2:B10,Profile!B$2:J10,9,false))}
A4: 1319c905-e400-481c-89db-226e9058e55e | B4: rdewling@gmail.com | C4: 44216.69 | D4: Ashby & Zack to def. George & Grady in net, 18 hole, fourball at Sweetens Friday | E4: 100 | F4: 5 | G4: 44225.333 | H4: TRUE | I4: +100 | J4: $5 | K4: Fri 1/29/21 - 8:00 AM | L4: Robby Dewling | M4: TRUE | N4: 1
A5: 1e302d4d-2bbb-40ff-a396-8fe56d1170cc | B5: ar3dson@gmail.com | C5: 44216.736 | D5: A GROSS par occurs before or on the same hole as the first NET par in the foursome on Friday. | E5: 100 | F5: 5 | G5: 44218.25 | H5: TRUE | I5: +100 | J5: $5 | K5: Fri 1/22/21 - 6:00 AM | L5: Alex Edson | M5: TRUE
A6: 3f2c0aff-47a7-4daa-8476-c47b3dcdafb5 | B6: afoltz3@gmail.com | C6: 44224.853 | D6: Any player makes a 4 on #1 | E6: 235 | F6: 15 | G6: 44226.354 | H6: TRUE | I6: +235 | J6: $15 | K6: Sat 1/30/21 - 8:30 AM | L6: Ashby Foltz | M6: TRUE
A7: ca641c4b-55c6-42c9-9610-25224a806a50 | B7: rburnsgt@gmail.com | C7: 44224.855 | D7: I bet GME is over 375 at noon Eastern time 12/29 | E7: 100 | F7: 10 | G7: 44224.999 | H7: TRUE | I7: +100 | J7: $10 | K7: Thu 1/28/21 - 11:58 PM | L7: Rob Burns | M7: FALSE
A9: a95e13ea-9b36-45d9-9ee1-d20a50d5a49a | B9: afoltz3@gmail.com | C9: 44272.804 | D9: Ashby Foltz fails to make the Top 3 for Event 2 | E9: 200 | F9: 35 | G9: 44274.333 | H9: TRUE | I9: +200 | J9: $35 | K9: Fri 3/19/21 - 8:00 AM | L9: Ashby Foltz | M9: TRUE | N9: 10
A10: 9d17a3b1-5dfc-4a4f-a972-82706d80cc27 | B10: afoltz3@gmail.com | C10: 44273.754 | D10: Matt Jones wins the 2021 Honda Classic | E10: 300 | F10: 30 | G10: 44274.292 | H10: TRUE | I10: +300 | J10: $30 | K10: Fri 3/19/21 - 7:00 AM | L10: Ashby Foltz | M10: TRUE | N10: 10

Sheet Accepted Bets
A1: Parent ID | B1: ID | C1: Bet Description | D1: Accepted Wager | E1: Accepted Odds | F1: Offered By (Name) | G1: Accepted On | H1: Accepted By | I1: Completed
A2: 1319c905-e400-481c-89db-226e9058e55e | B2: 8e3939f1-f031-492a-9a1d-4bf9d48c701b | C2: Ashby & Zack to def. George & Grady in net, 18 hole, fourball at Sweetens Friday | D2: 1 | E2: 100 | F2: rdewling@gmail.com | G2: 44216.732 | H2: ar3dson@gmail.com | I2: FALSE
A3: 1e302d4d-2bbb-40ff-a396-8fe56d1170cc | B3: 7e614a34-f34e-4099-9451-e3bf1cc21c6c | C3: A GROSS par occurs before or on the same hole as the first NET par in the foursome on Friday. | D3: 1 | E3: 100 | F3: ar3dson@gmail.com | G3: 44217.501 | H3: rdewling@gmail.com | I3: TRUE
A4: ca641c4b-55c6-42c9-9610-25224a806a50 | B4: dee0b5fe-f496-465c-9ab7-26800089ce78 | C4: I bet GME is over 375 at noon Eastern time 12/29 | D4: 10 | E4: 100 | F4: rburnsgt@gmail.com | G4: 44224.857 | H4: johnprichards3@gmail.com | I4: FALSE
A5: a95e13ea-9b36-45d9-9ee1-d20a50d5a49a | B5: 41ef7fcc-f315-4bdc-aa4a-ca953dd26b37 | C5: Ashby Foltz fails to make the Top 3 for Event 2 | D5: 10 | E5: 200 | F5: afoltz3@gmail.com | G5: 44272.833 | H5: rdewling@gmail.com | I5: TRUE

Sheet Controls
A1: Event Details | C1: Event Types | E1: Order of Operations for updating Event | I1: App Data | J1: Count | L1: Course Data | M1: Count | N1: Net Season Standings Pivot Single Round | O1: Net Season Standings Pivot 2 round | P1: Scratch Season Standings Pivot Single Round | Q1: Scratch Season Standings Pivot 2 Round | R1: Comment | S1: Zapier incrementer | T1: Playoff Round | U1: 1 | V1: Champ Flight Bracket Image | W1: Playing Handicap %
A2: Current Event Type | B2: M | C2: R18 | E2: 1) Turn off Zapier | I2: Courses | J2: {=COUNTA(Courses!$A$3:$A1001)} -> 794 | L2: 0 Rounds | M2: {=COUNTIF(Courses!$K$3:$K1001,"=0")} -> 659 | N2: if(min('Net Score')>0, concatenate("+", min('Net Score')), (if(min('Net Score')=0, "E", min('Net Score')))) | O2: if(min(iferror(small('Net Score',2)+min('Net Score'),min('Net Score')))>0, concatenate("+", min(iferror(small('Net Score',2)+min('Net Score'),min('Net Score')))), (if(min(iferror(small('Net Score',2)+min('Net Score'),min('Net Score')))=0, "E", min(iferror(small('Net Score',2)+min('Net Score'),min('Net Score')))))) | P2: if(min('Scratch Score')>0, concatenate("+", min('Scratch Score')), (if(min('Scratch Score')=0, "E", min('Scratch Score')))) | Q2: if(min(iferror(small('Scratch Score',2)+min('Scratch Score'),min('Scratch Score')))>0, concatenate("+", min(iferror(small('Scratch Score',2)+min('Scratch Score'),min('Scratch Score')))), (if(min(iferror(small('Scratch Score',2)+min('Scratch Score'),min('Scratch Score')))=0, "E", min(iferror(small('Scratch Score',2)+min('Scratch Score'),min('Scratch Score')))))) | S2: 12 | T2: 3 | V2: https://lh3.googleusercontent.com/pw/AP1GczPqLBJkUhINRnD14ITdLiz8wH_diUPDC04OnVlzlXNUWr-TLTtGzoUgCQwGNw_oRDtwFbL0qWwmOp8SUSkOjFwCEjjDz5BqSw9eQ5MWAt5suPldsLGM7mg5WsW_YB3zCRJC7HLR_kffa0CUSGBLWA5QZw=w839-h602-s-no-gm?authuser=0 | W2: 0.95
A3: Current Event Name | B3: 12 | C3: R9 | E3: 1.5) Delete incomplete scores | I3: Current Event Scores | J3: {=COUNTA('Current Event Scores'!$A$2:$A1001)} -> 51 | L3: 1 Round | M3: {=COUNTIF(Courses!$K$3:$K1001,"=1")} -> 81
C4: M | E4: 2) Take event leaderboard screenshots | I4: Net + Scratch Season Standings | J4: {=COUNTA('Net + Scratch Season Standings'!$A$2:$A1001)} -> 15 | L4: 2+ Rounds | M4: {=COUNTIF(Courses!$K$3:$K1001,">1")} -> 43
C5: C | E5: 3) Archive scores & reset round history | I5: Scratch Season Standings | J5: {=COUNTA('Scratch Season Standings'!$A$2:$A1001)} -> 15
E6: 4) Delete old scores | I6: Profile | J6: {=COUNTA(Profile!$B$3:$B1001)} -> 22
E7: 5) Update Controls to new event type (and playoffs) | I7: Home | J7: {=COUNTA(Home!$B$2:$B1001)} -> 1
E8: 6) Turn on Zapier | I8: Net Leaderboard | J8: {=COUNTA('Net Leaderboard'!$B$3:$B1001)} -> 8
E9: 7) Update handicaps | I9: Scratch Leaderboard | J9: {=COUNTA('Scratch Leaderboard'!$B$3:B1001)} -> 8
E10: 8) Update SITS | I10: FAQ | J10: {=COUNTA(FAQ!$A$2:A1001)} -> 2
E11: 9) Take season leaderboard screenshots | I11: Score Images | J11: {=COUNTA('Score Images'!$A$2:A1001)} -> 116
I12: Types | J12: {=COUNTA(Types!$B$2:B1001)} -> 4
I13: SUM | J13: =SUM(J2:J12) -> 1036

Sheet Home
A1: Announcement | B1: Title | C1: Welcome | D1: Message | E1: Header Image | F1: Season Standings | G1: Event Standings | H1: Photos | I1: News | J1: Home page | K1: Schedule | L1: Bobby Jones Cup Video | M1: Lookup Course Rating | N1: Pay Now | O1: Pro Shop | P1: MT 2020 Video | Q1: Slack Link | R1: Rating/Slope Guidance | S1: Course DB Screenshot | U1: MT Logo | V1: Zapier | W1: Photo Random Number | X1: Random Photo URL | Y1: Current Event Name | Z1: Event Type Code | AA1: Playoffs On/Off | AB1: Playoffs Bracket Image URL
B2: Minerva Tour | C2: Welcome to the Minerva Tour | D2: Start a round or edit your scores below. Other member's scores can be edited on the "Scores" tab | E2: https://lh3.googleusercontent.com/e_MgqK4-JHYTWRZFI8DXHiDneYfOF6u3ym0BS4AJ8hmgQQ5K9oSutD6migdiwQsUqtK_UI2RndYhwyw7RMVDe4AUwX86WnXpPSfBVWri8tfbx-Hz4KnsY0s2vdW0XtuIOQWi3r48h0GF4ABtBojiWiat5f74w1kOpswa-jv7mNB7kKIMPxoti5HfaLsFa_w5ZncLB_Var_x52iup6EeAdoPDY3m1jN5CJSDKohz6S3CV1j_XeQ9MyaA5jDwBnshME6mMJT1kmY6GVNL_LoOo_yYRcKIzN8vld2NQxOmPcJwMxZH0QkIfGBGAeReDfpgC4-fIo2elq7hpfpxReaUtpOWOMAzgrKU-y9plKXqCU-sOXX5y8hduqnfPmTL8Vl2Nmf7PW4fARzATCUcYEweDsy_2nE6fuwpbTL2r0v280fqCub1JYd7QligcZvFWJ-unKZL0HydpBJXpORAmUos0vjeHSCo_MkO1b0v8TpGRWdxQ-cJOL08W8Np-THCTvlT8321DXxFpyVy2qzR09UjyMoAgHuvjlC-1o-hhKmGhYmMgV892ahhsaA-jJ7Ny3q6T_88hciBI64UdtzOlwvGRR_S6ZzDOu3uJdXokZcP_QCm59ystfDC4Y3FwsLvDm76V-MtlZJpGnKuEhJLCodBElZBVdPKyc6px5Gg2TIGiYVeBkTb5tXSiMRBRV7-_YsZgxGlpfd1AOvepHNgGmcyXrKqiV2udfukZ8RNfCXOmB4XEm3jR=w1440-h700-no | F2: https://minervatour.wordpress.com/leaderboard/ | G2: https://minervatour.wordpress.com/leaderboard/live_event_results/ | H2: https://minervatour.wordpress.com/photos/ | I2: https://minervatour.wordpress.com/?page_id=5 | K2: https://minervatour.wordpress.com/schedule/ | L2: https://www.youtube.com/watch?v=x7VnZXs99xQ | M2: https://ncrdb.usga.org/NCRDB/ | N2: https://venmo.com/code?user_id=1122664177467392174 | O2: https://teamlocker.squadlocker.com/#/lockers/minerva-golf-club?_k=aryzas | P2: https://www.youtube.com/watch?v=_HRq64thRKg | Q2: https://join.slack.com/t/minervagolfclub/shared_invite/enQtOTYwMzk2MzI0NDgyLWEzYTI3YjZhYWJlNDllNTA1YTIyOTM0MWI1ZDNkOTcxNTllYWJmZDQwYmJiNTk4YTkzNGUwZTQ2NDhhZTViZGY | R2: Note: Make sure you enter the correct slope and rating for the course type (18 holes, front 9, or back 9) as these will all have different ratings/slopes. The course rating website link above (or the GHIN app) should include rating/slope for all of these course types. The course rating website only displays properly on mobile browsers if you rotate your phone horizontally (recommend taking a screenshot so you can flip back and forth from app while entering details). To find rating/slope in the GHIN app, go to the "Course Handicap Calculator" select a course, then 18 holes or 9 holes, then tap "Select Tees" | S2: https://lh3.googleusercontent.com/rYzdcO5hQoGhN3vKr6uRn9EKAJex_PukesqJMwDiAZIJg4gfGw-YAnfEazIh8EF7TGEEIMCZ6zL0lCUj5maaIHGjtRDgjKqhrGL091QBzove_wFUZ8sYcPfy6hMBhWDcbqeFPi_7Yez6_gtz3NJAhWpjE98jlKCZktuJDSVmnTKxSQFNobgfAYRozhQfq0e2GigTxtH3wsxqhB9sTYElFxp0x1MzijECE250YukoWWI68CMQZeHPGm179a6_a-2yuEDsjYHCqbY0N4_jsS1llw8kFfsTfB9nbfoEb5ZRsh3BqBKPLqrt_Lm-D8f4lPYgGfD-uHoCnAWj_zsyeWNBxQD5pkvYeltE2ZHyj_G23ll6ixaBOfSUIHwMRJx67_F_kKxmRHbfCEbpLMkwvLGtPKIUj8O05U8BK51Rk2ANEEH7uTSLRx5QN2nq1mqySQZNmTCo8HflE3w56oObG5K1r-VCAasAhYJIEuAGp-ix6H82meKn8fCAy1PY6yCHA1PkiEprRueB7M88G5UsXo9KftCDBzeuvl9M_RYZdp1nOnFHuAmv1hl0f1RQv9wD5ci5hC25_rUNas46TNBCwEzefciW2ZWa3oaeuPM5WKAHN6XlcTwawO7WY9NDkxJIhhyz7Nwg6mZiYyGZQH8dew_tL8w_lqDjSjJ1CGU6GOxquc_hIXn8bcUA3DnW3BIvyzUYrCryy4P5fS-FPnLRvc8zOe-mr_7uCpFKcvFmMmfkzaJQwbbNTGGZfM2M=w3310-h1536-no | U2: https://lh3.googleusercontent.com/pw/AMWts8D0Vykj3F1_p2OewS34q7GS_mwJzVy1QXbCcMtnzUSgjQ1owij00Az6GjtGfAwHTh7Tsv-imxmP1dFpFKnOyndWitW4Qj7PgB60se75fIP7zUp_LiNIrDCpHQU6uA8MZ2mG01Aj7p0jtrnEe8k1cvJKCg=w1822-h1822-s-no?authuser=0 | V2: https://zapier.com/app/dashboard | W2: =randbetween(1,21) -> 9 | X2: =vlookup(W2,Photos!A2:B77,2,false) -> https://lh3.googleusercontent.com/pw/AMWts8C1Ar24hqGSuVtKWcJngs3niVPrKCHG8YD0X66HnaD311HTeNrWtudtMbQ9gsRV-1oZBO1UCYTFAXx8kAjfr_AvyYgooox73yaosObSZG8yrXbj2nccIWCE5_blDNejx9CUr7qJn-_iKok-dUGL7BMPAQ=w1560-h758-s-no?authuser=0 | Y2: =Controls!B3 -> 12 | Z2: =Controls!B2 -> M | AA2: TRUE | AB2: =Controls!V2 -> https://lh3.googleusercontent.com/pw/AP1GczPqLBJkUhINRnD14ITdLiz8wH_diUPDC04OnVlzlXNUWr-TLTtGzoUgCQwGNw_oRDtwFbL0qWwmOp8SUSkOjFwCEjjDz5BqSw9eQ5MWAt5suPldsLGM7mg5WsW_YB3zCRJC7HLR_kffa0CUSGBLWA5QZw=w839-h602-s-no-gm?authuser=0

Sheet Profile
A1: Name | B1: Email Address | C1: Handicap Index | D1: Phone Number | E1: 9 Hole Handicap | F1: Photo | G1: 2017 MT Finish | H1: 2018 MT Finish | I1: 2019 MT FInish | J1: Player Name | K1: Status | L1: Player ID | M1: GHIN Number | N1: Type Filter | O1: NCRDB URL | P1: Trophy Image | Q1: Champ Year | R1: Trophies | S1: 2020 MT Finish | T1: Emojis | U1: Description | V1: Venmo Handle | W1: Web Venmo Deep Link | X1: Venmo Deep Link Prefix | Y1: Venmo User ID | Z1: Apple Deep Link to Venmo | AA1: Android Deep Link | AC1: 🔒 Row ID | AD1: 2021 MT Finish | AE1: 2022 MT Finish | AF1: 2023 MT Finish
E2: {=IF(LEN(C2:C1005) = 0, "",if((C2:C1005) = "NH", "NH", round(C2:C1005/2,1)))} | J2: {=if(len(B2:B1005)=0,"",A2:A1005)} | N2: {=if(len(A2:A1005)=0,"",if(Controls!B2="R9","9 Holes","18 Holes"))} | O2: {=if(len(A2:A1005)=0,"","http://ncrdb.usga.org/")} | W2: {=IF(LEN(A2:A1005)=0,"","https://venmo.com/" & V2:V1005)} | X2: {=IF(LEN(A2:A1005)=0,"","venmo://users/")} | Z2: {=IF(LEN(A2:A1005)=0,"",X2:X1005 & Y2:Y1005)} | AA2: {=IF(LEN(A2:A1005)=0,"","intent://venmo.com/" & V2:V1005 & "#Intent;package=com.venmo;scheme=https;end")}
A3: Blake Addleton | B3: Baddleton@gmail.com | C3: =if(len(B3)=0,"",vlookup(B3,'GG Handicap Import'!$A$2:$E$199,5,false)) -> 14.4 | E3: 7.2 | F3: https://firebasestorage.googleapis.com/v0/b/glide-prod.appspot.com/o/img-uploads%2FGNXfNUSV91nct3RVn9zd%2F26de63.jpeg?alt=media | J3: Blake Addleton | K3: Active | L3: 121 | M3: 10274849 | N3: 18 Holes | O3: http://ncrdb.usga.org/ | T3: 🏆 | U3: Minerva Tour | V3: Blake-Addleton | W3: https://venmo.com/Blake-Addleton | X3: venmo://users/ | Y3: 1254324 | Z3: venmo://users/1254324 | AA3: intent://venmo.com/Blake-Addleton#Intent;package=com.venmo;scheme=https;end | AB3: Active | AC3: RuCU3yUdSzqjzz2KG95B-A
A4: Cory Arnwine | B4: carnwine@gmail.com | C4: =if(len(B4)=0,"",vlookup(B4,'GG Handicap Import'!$A$2:$E$199,5,false)) -> 14.5 | E4: 7.3 | F4: https://storage.googleapis.com/glide-prod.appspot.com/uploads-v2/GNXfNUSV91nct3RVn9zd/pub/ZVOcGslXfVNwGSOfc3Rm.jpeg | G4: 6th | H4: 5th | I4: 2nd | J4: Cory Arnwine | K4: Active | L4: 101 | M4: 2348489 | N4: 18 Holes | O4: http://ncrdb.usga.org/ | Q4: 2018 Most Improved Golfer 2018 Bobby Jones Cup (Hilton Head) 2018 Edge Solutions Cup Playoffs 2019 Bobby Jones Cup (Wisconsin) 2021 Bobby Jones Cup (Michigan) 2022 Minerva Tour Champion | R4: 🏆 📉 🇺🇸🌳🌳 📀 | T4: 📉 | U4: MIG | V4: carnwine | W4: https://venmo.com/carnwine | X4: venmo://users/ | Y4: 531884 | Z4: venmo://users/531884 | AA4: intent://venmo.com/carnwine#Intent;package=com.venmo;scheme=https;end | AB4: Active | AC4: Z19LGmUURuOBxJOMxWptFA
A5: Grady Bunn | B5: grady.bunn@gmail.com | C5: =if(len(B5)=0,"",vlookup(B5,'GG Handicap Import'!$A$2:$E$199,5,false)) -> 13.5 | E5: 6.8 | F5: https://lh3.googleusercontent.com/gQ_FaH2AF_jSJxRNubfcwX3XqG6dcE7KFTHqzUDgdA65lfy57Xnyo2e7D9_ADkXMZDwDprlQ0N8SlSm05CAfkEcLacfWCA0iqKpi5-HBqfCMD3rKMs77CSSzBgDIJPtHWC8lCOtteTiqTljHAcT1-cFtDPSLAC6ryzrYmGoAoI5BlvKRScFk1OMxT2Bz7pWyjn7fkq5GBrAkO1IuaNMgVljRyHjVn3j4j-oL8pGhycJUFlz1nuyea1eDCSU4IwYOfCGfLzodUa4OwrJmuf6CodGiJCB5VR6MYxBUylhMQYa5E-KczOv0t11ByK7uOpvrKtoTdi3tqJvaWgVC0nTYAMlVv7e5sH6_p8vg7h41LS898KW48eXRhJFrAGO2OzZeiy-xOyfD6hxeZ0flReFuhDSrrxF-X-EOf3dMk0FFIcO3TMNC2dzAGzhmpOUwNWKPidDdV_0I2k3dvG7Dguy5auAKUDTJgjgpetzcK5KElhRL-ZdNA6s39BoQgHpB7hsJsw2DZfT2_4ftVj4a-CN6iJdHTdb8QMjIAzCxDiUFlaDUXPHsUo1O8mt6ISJfruKOjsoClx4lDsa_J3M6Bu6h6rojA-_Vu7bbIWAGYFOafxWG3Xq9cqTcI2DGtkLFQg646TzUbrVkNyEGW0xTZxdRUKl7re6bW-F9JbDnigcq-d1XKLtY6P-l7sKdDxo9e-Q9nxMbMaItT4Bio7fNSvFa8gUDuTD_WHt9rtrljgqiOhmxX6Gr=w1250-h937-no | G5: 4th | H5: 13th | I5: 8th | J5: Grady Bunn | K5: Active | L5: 103 | M5: 2348690 | N5: 18 Holes | O5: http://ncrdb.usga.org/ | Q5: 2019 Bobby Jones Cup (Wisconsin) 2020 Bobby Jones Cup (Atlanta) 2023 Bobby Jones Cup (Washington) 2021 Hole in One Club | R5: 1️⃣🌳🌳🌺 | T5: 🎖 | U5: MT Playoff | V5: Grady-Bunn | W5: https://venmo.com/Grady-Bunn | X5: venmo://users/ | Y5: 461096 | Z5: venmo://users/461096 | AA5: intent://venmo.com/Grady-Bunn#Intent;package=com.venmo;scheme=https;end | AB5: Active | AC5: EBAtCrPBTqagwsa5cZ03Wg
A6: Rob Burns | B6: rburnsgt@gmail.com | C6: =if(len(B6)=0,"",vlookup(B6,'GG Handicap Import'!$A$2:$E$199,5,false)) -> 19.2 | E6: 9.6 | F6: https://minervatour.files.wordpress.com/2019/08/img_2701.jpg | G6: 7th | H6: 9th | I6: 10th | J6: Rob Burns | K6: Active | L6: 105 | M6: 2348566 | N6: 18 Holes | O6: http://ncrdb.usga.org/ | Q6: 2017 Unicorn 2020 Bobby Jones Cup (Atlanta) 2021 Unicorn 2022 Bobby Jones Cup (Pinehurst) | R6: 🌳🌳🌺 🦄🦄 | T6: 🍻 | U6: Member-Guest | V6: Rburnsgt | W6: https://venmo.com/Rburnsgt | X6: venmo://users/ | Y6: 446949 | Z6: venmo://users/446949 | AA6: intent://venmo.com/Rburnsgt#Intent;package=com.venmo;scheme=https;end | AB6: Active | AC6: biSEeOiRSDaftic4vVN1rw
A7: Matt Davis | B7: msdavis66@gmail.com | C7: =if(len(B7)=0,"",vlookup(B7,'GG Handicap Import'!$A$2:$E$199,5,false)) -> 17.3 | E7: 8.7 | F7: https://storage.googleapis.com/glide-prod.appspot.com/uploads-v2/GNXfNUSV91nct3RVn9zd/pub/gIt90rSX4ZBQM2wvWa2B.jpeg | H7: 12th | I7: 12th | J7: Matt Davis | K7: Active | L7: 107 | M7: 2357070 | N7: 18 Holes | O7: http://ncrdb.usga.org/ | Q7: 2018 Unicorn 2019 Unicorn | R7: 🦄🦄 | T7: 🌳 | U7: BJC Magnolia | V7: mattdavis66 | W7: https://venmo.com/mattdavis66 | X7: venmo://users/ | Y7: 370401 | Z7: venmo://users/370401 | AA7: intent://venmo.com/mattdavis66#Intent;package=com.venmo;scheme=https;end | AB7: Active | AC7: yluMe1TeRm2KNnZ.uSfTew
A8: Robby Dewling | B8: rdewling@gmail.com | C8: =if(len(B8)=0,"",vlookup(B8,'GG Handicap Import'!$A$2:$E$199,5,false)) -> 6.1 | D8: 678-491-7196 | E8: 3.1 | F8: https://storage.googleapis.com/glide-prod.appspot.com/uploads-v2/GNXfNUSV91nct3RVn9zd/pub/wD9y0NT35v2ch7ZEGxQP.jpeg | G8: 1st | H8: 8th | I8: 4th | J8: Robby Dewling | K8: Active | L8: 108 | M8: 2348438 | N8: 18 Holes | O8: http://ncrdb.usga.org/ | P8: https://cdn3.iconfinder.com/data/icons/business-631/50/54-512.png | Q8: 2017 Minerva Tour Champion 2018 Bobby Jones Cup (Hilton Head) 2019 Member-Guest (Chattanooga) 2021 Minerva Tour Champion 2021 Most Improved Golfer 2021 Bobby Jones Cup (Michigan) 2022 Member-Guest (Chattanooga) 2022 Bobby Jones Cup (Pinehurst) 2024 Minerva Tour Champion 2024 Most Improved Golfer 2024 Bobby Jones Cup (Streamsong) | R8: 🏆🏆🏆 🍻🍻 🇺🇸🌳🌳🌺 📉📉 | T8: 🌺 | U8: Scratch | V8: Robby-Dewling | W8: https://venmo.com/Robby-Dewling | X8: venmo://users/ | Y8: 254183 | Z8: venmo://users/254183 | AA8: intent://venmo.com/Robby-Dewling#Intent;package=com.venmo;scheme=https;end | AB8: Active | AC8: 6N4m2687QX23qNxBaCEfWQ
A9: Alex Edson | B9: ar3dson@gmail.com | C9: =if(len(B9)=0,"",vlookup(B9,'GG Handicap Import'!$A$2:$E$199,5,false)) -> 7.6 | E9: 3.8 | F9: https://storage.googleapis.com/glide-prod.appspot.com/uploads-v2/GNXfNUSV91nct3RVn9zd/pub/MXbvc7EbvlbCRBjsPjcA.jpg | H9: 4th | I9: 7th | J9: Alex Edson | K9: Active | L9: 109 | M9: 2357064 | N9: 18 Holes | O9: http://ncrdb.usga.org/ | Q9: 2019 Bobby Jones Cup (Wisconsin) 2020 Bobby Jones Cup (Atlanta) 2020 Scratch Champion 2021 Member-Guest 2022 Bobby Jones Cup (Pinehurst) 2025 Member-Guest | R9: 🥇 🍻🍻 🌳🌳🌳 | T9: 🥇 | U9: Hole In One | V9: Alex-Edson | W9: https://venmo.com/Alex-Edson | X9: venmo://users/ | Y9: 1180653 | Z9: venmo://users/1180653 | AA9: intent://venmo.com/Alex-Edson#Intent;package=com.venmo;scheme=https;end | AB9: Active | AC9: NcrCZJOoScW4cI6qHK78aQ
A10: Ashby Foltz | B10: afoltz3@gmail.com | C10: =if(len(B10)=0,"",vlookup(B10,'GG Handicap Import'!$A$2:$E$199,5,false)) -> 17.8 | E10: 8.9 | F10: https://minervatour.files.wordpress.com/2019/10/img_5277.jpg | G10: 3rd | H10: 2nd | I10: 1st | J10: Ashby Foltz | K10: Active | L10: 110 | M10: 2348481 | N10: 18 Holes | O10: http://ncrdb.usga.org/ | P10: https://cdn3.iconfinder.com/data/icons/business-631/50/54-512.png | Q10: 2018 Hole in One Club 2019 Minerva Tour Champion 2020 Minerva Tour Champion 2020 Bobby Jones Cup (Atlanta) 2022 Bobby Jones Cup (Pinehurst) 2023 Minerva Tour Champion 2023 Bobby Jones Cup (Washington) 2024 Bobby Jones Cup (Streamsong) | R10: 🏆🏆🏆 🌳🌳🌺🌺 1️⃣ | T10: 1️⃣ | U10: Unicorn | V10: ashbyfoltz | W10: https://venmo.com/ashbyfoltz | X10: venmo://users/ | Y10: 262782 | Z10: venmo://users/262782 | AA10: intent://venmo.com/ashbyfoltz#Intent;package=com.venmo;scheme=https;end | AB10: Active | AC10: qi7MxjvwThWbw4Zf-3rIhA
A12: Nick Johnson | B12: nick.johnson810@gmail.com | C12: =if(len(B12)=0,"",vlookup(B12,'GG Handicap Import'!$A$2:$E$199,5,false)) -> 28.6 | E12: 14.3 | F12: https://storage.googleapis.com/glide-prod.appspot.com/uploads-v2/GNXfNUSV91nct3RVn9zd/pub/cvpSy2z837uKSKvlZm1n.jpeg | J12: Nick Johnson | K12: Active | L12: 119 | M12: 10275275 | N12: 18 Holes | O12: http://ncrdb.usga.org/ | Q12: 2023 Bobby Jones Cup (Washington) 2024 Bobby Jones Cup (Streamsong) | R12: 🌺🌺 | T12: 🥈 | V12: Nick-Johnson | W12: https://venmo.com/Nick-Johnson | X12: venmo://users/ | Y12: 83159 | Z12: venmo://users/83159 | AA12: intent://venmo.com/Nick-Johnson#Intent;package=com.venmo;scheme=https;end | AB12: Active | AC12: Teef9OstSBWouf14PIUmdQ
A13: George Lane | B13: gmlane@gmail.com | C13: =if(len(B13)=0,"",vlookup(B13,'GG Handicap Import'!$A$2:$E$199,5,false)) -> 10.7 | E13: 5.4 | F13: https://firebasestorage.googleapis.com/v0/b/glide-prod.appspot.com/o/img-uploads%2FGNXfNUSV91nct3RVn9zd%2Fb607eb.jpeg?alt=media | H13: 10th | I13: 3rd | J13: George Lane | K13: Active | L13: 113 | M13: 2699107 | N13: 18 Holes | O13: http://ncrdb.usga.org/ | Q13: 2018 Bobby Jones Cup (Hilton Head) 2019 Most Improved Golfer 2020 Most Improved Golfer 2023 Most Improved Golfer 2021 Scratch Champion 2022 Member-Guest (Chattanooga) | R13: 🥇 🍻 📉📉📉 🇺🇸 | V13: George-Lane | W13: https://venmo.com/George-Lane | X13: venmo://users/ | Y13: 469077 | Z13: venmo://users/469077 | AA13: intent://venmo.com/George-Lane#Intent;package=com.venmo;scheme=https;end | AB13: Active | AC13: jUcVdXt6TuqTOxO9bzKlUA
A14: Marc Mastrangelo | B14: mastrangeloms@gmail.com | C14: =if(len(B14)=0,"",vlookup(B14,'GG Handicap Import'!$A$2:$E$199,5,false)) -> 27.3 | E14: 13.7 | F14: https://storage.googleapis.com/glide-prod.appspot.com/uploads-v2/GNXfNUSV91nct3RVn9zd/pub/AnT30ERyS1NLw6e1i8mo.jpeg | J14: Marc Mastrangelo | K14: Active | L14: 124 | M14: 10477569 | N14: 18 Holes | O14: http://ncrdb.usga.org/ | Q14: 2020 Minerva Tour Playoffs 2021 Consolation Winner | R14: 🎖 🥈 | V14: Marc-Mastrangelo | W14: https://venmo.com/Marc-Mastrangelo | X14: venmo://users/ | Y14: 2576643 | Z14: venmo://users/2576643 | AA14: intent://venmo.com/Marc-Mastrangelo#Intent;package=com.venmo;scheme=https;end | AB14: Active | AC14: 0KGiHN87QYeAmCVAZvE.Bw
A16: David Mustard | B16: dmustard@gmail.com | C16: =if(len(B16)=0,"",vlookup(B16,'GG Handicap Import'!$A$2:$E$199,5,false)) -> 10.6 | E16: 5.3 | F16: https://firebasestorage.googleapis.com/v0/b/glide-prod.appspot.com/o/img-uploads%2FGNXfNUSV91nct3RVn9zd%2F0c43b8.jpeg?alt=media | J16: David Mustard | K16: Active | L16: 122 | M16: 2155192 | N16: 18 Holes | O16: http://ncrdb.usga.org/ | Q16: 2019 Member-Guest (Chattanooga) | R16: 🍻 | V16: Charlotte-Mustard | W16: https://venmo.com/Charlotte-Mustard | X16: venmo://users/ | Y16: 15137483 | Z16: venmo://users/15137483 | AA16: intent://venmo.com/Charlotte-Mustard#Intent;package=com.venmo;scheme=https;end | AB16: Active | AC16: 6YX83ugSQ3e-GSJQgE9g9Q
A17: John Richards | B17: johnprichards3@gmail.com | C17: =if(len(B17)=0,"",vlookup(B17,'GG Handicap Import'!$A$2:$E$199,5,false)) -> 24.2 | E17: 12.1 | F17: https://storage.googleapis.com/glide-prod.appspot.com/uploads-v2/GNXfNUSV91nct3RVn9zd/pub/Tk2HdqDt4NKfTiKK87oY.jpeg | J17: John Richards | K17: Active | L17: 126 | M17: 10662253 | N17: 18 Holes | O17: http://ncrdb.usga.org/ | Q17: 2021 Bobby Jones Cup (Michigan) 2022 Most Improved Golfer 2023 Member-Guest (Alabama) 2024 Member-Guest (Aiken) | R17: 🍻🍻 📉 🌳 | V17: johnrichards | W17: https://venmo.com/johnrichards | X17: venmo://users/ | Y17: 213962 | Z17: venmo://users/213962 | AA17: intent://venmo.com/johnrichards#Intent;package=com.venmo;scheme=https;end | AB17: Active | AC17: UH3acsGsSGKXlUvMH0BGPQ
A18: Bobby Ross | B18: saebobbyross@gmail.com | C18: =if(len(B18)=0,"",vlookup(B18,'GG Handicap Import'!$A$2:$E$199,5,false)) -> 16.2 | E18: 8.1 | F18: https://firebasestorage.googleapis.com/v0/b/glide-prod.appspot.com/o/img-uploads%2FGNXfNUSV91nct3RVn9zd%2F7ede3f.jpeg?alt=media | G18: 2nd | H18: 3rd | I18: 6th | J18: Bobby Ross | K18: Active | L18: 115 | M18: 2348449 | N18: 18 Holes | O18: http://ncrdb.usga.org/ | Q18: 2018 Bobby Jones Cup (Hilton Head) 2019 Bobby Jones Cup (Wisconsin) 2019 Minerva Tour Playoffs 2020 Hole in One Club 2021 Bobby Jones Cup (Michigan) | R18: 🎖 🇺🇸🌳🌳 1️⃣ | V18: Bobby-Ross | W18: https://venmo.com/Bobby-Ross | X18: venmo://users/ | Y18: 3192633 | Z18: venmo://users/3192633 | AA18: intent://venmo.com/Bobby-Ross#Intent;package=com.venmo;scheme=https;end | AB18: Active | AC18: wTidpxgQTGyqEJeS8ltJkg
C19: =if(len(B19)=0,"",vlookup(B19,'GG Handicap Import'!$A$2:$E$199,5,false))
A20: Hastings Westphal | B20: vhwestphal@gmail.com | C20: =if(len(B20)=0,"",vlookup(B20,'GG Handicap Import'!$A$2:$E$199,5,false)) -> 12.9 | E20: 6.5 | F20: https://firebasestorage.googleapis.com/v0/b/glide-prod.appspot.com/o/img-uploads%2FGNXfNUSV91nct3RVn9zd%2Ffdee84.jpeg?alt=media | H20: 1st | I20: 5th | J20: Hastings Westphal | K20: Active | L20: 118 | M20: 2530813 | N20: 18 Holes | O20: http://ncrdb.usga.org/ | P20: https://cdn3.iconfinder.com/data/icons/business-631/50/54-512.png | Q20: 2018 Minerva Tour Champion | R20: 🏆 | V20: Val-Westphal | W20: https://venmo.com/Val-Westphal | X20: venmo://users/ | Y20: 264192 | Z20: venmo://users/264192 | AA20: intent://venmo.com/Val-Westphal#Intent;package=com.venmo;scheme=https;end | AB20: Active | AC20: DIdea5lgTCOen2npbRopLA
A21: Zack Taylor | B21: zackpetaylor@gmail.com | C21: =if(len(B21)=0,"",vlookup(B21,'GG Handicap Import'!$A$2:$E$199,5,false)) -> 10.4 | E21: 5.2 | F21: https://minervatour.files.wordpress.com/2019/03/img_4492.jpg?w=478&h=&zoom=2 | J21: Zack Taylor | K21: Active | L21: 125 | M21: 3198866 | N21: 18 Holes | O21: http://ncrdb.usga.org/ | Q21: 2020 Bobby Jones Cup (Atlanta) | R21: 🌳 | V21: Zack-Taylor-1 | W21: https://venmo.com/Zack-Taylor-1 | X21: venmo://users/ | Y21: 811104 | Z21: venmo://users/811104 | AA21: intent://venmo.com/Zack-Taylor-1#Intent;package=com.venmo;scheme=https;end | AB21: Active | AC21: MP3Nk.raRXCC1.sdoEAaEg
A22: Devin Blankenship | B22: blankdc.db@gmail.com | C22: =if(len(B22)=0,"",vlookup(B22,'GG Handicap Import'!$A$2:$E$199,5,false)) -> 6.7 | E22: 3.4 | F22: https://storage.googleapis.com/glide-prod.appspot.com/uploads-v2/GNXfNUSV91nct3RVn9zd/pub/3IF1Dcz5QrdTlzpion8b.jpeg | J22: Devin Blankenship | K22: Active | L22: 127 | M22: 10239037 | N22: 18 Holes | O22: http://ncrdb.usga.org/ | Q22: 2022 Scratch Champion 2023 Scratch Champion 2024 Scratch Champion | R22: 🥇🥇🥇 | W22: https://venmo.com/ | X22: venmo://users/ | Z22: venmo://users/ | AA22: intent://venmo.com/#Intent;package=com.venmo;scheme=https;end | AC22: qukHyIawROiuH9aKBSnh0g
A23: Bryan Chiodo | B23: Blchiodo@gmail.com | C23: =if(len(B23)=0,"",vlookup(B23,'GG Handicap Import'!$A$2:$E$199,5,false)) -> 16.6 | E23: 8.3 | F23: https://lh3.googleusercontent.com/pw/AP1GczOlTxwPpjvglsYR6B0r2-TBnLRnyfdUcF32EvLVlEADtDz_6wIOkLczpPDSiOzkuPbKclhqy0DipfukCyD0lCmsG4HIYsHS78j3EQekQniI9XDh8XPXUvR-gd9CPktBx8yUk2mbqYFaQE-poffErs3uqQ=w644-h934-s-no-gm?authuser=0 | J23: Bryan Chiodo | K23: Active | M23: 10256142 | N23: 18 Holes | O23: http://ncrdb.usga.org/ | W23: https://venmo.com/ | X23: venmo://users/ | Z23: venmo://users/ | AA23: intent://venmo.com/#Intent;package=com.venmo;scheme=https;end | AC23: uhV5JFqURI-AOmsToy4qvA
A24: Jeff DeLong | B24: jeffdelong12@gmail.com | C24: =if(len(B24)=0,"",vlookup(B24,'GG Handicap Import'!$A$2:$E$199,5,false)) -> 32.4 | E24: 16.2 | F24: https://storage.googleapis.com/glide-prod.appspot.com/uploads-v2/GNXfNUSV91nct3RVn9zd/pub/rpwwzvzI6V08QdD0rba1.jpeg | J24: Jeff DeLong | K24: Active | N24: 18 Holes | O24: http://ncrdb.usga.org/ | W24: https://venmo.com/ | X24: venmo://users/ | Z24: venmo://users/ | AA24: intent://venmo.com/#Intent;package=com.venmo;scheme=https;end | AC24: KOVGGv7FQn-sj55ohF8Dbg
C25: =if(len(B25)=0,"",vlookup(B25,'GG Handicap Import'!$A$2:$E$199,5,false))
C26: =if(len(B26)=0,"",vlookup(B26,'GG Handicap Import'!$A$2:$E$199,5,false))
C27: =if(len(B27)=0,"",vlookup(B27,'GG Handicap Import'!$A$2:$E$199,5,false))
C28: =if(len(B28)=0,"",vlookup(B28,'GG Handicap Import'!$A$2:$E$199,5,false))
C29: =if(len(B29)=0,"",vlookup(B29,'GG Handicap Import'!$A$2:$E$199,5,false))
C30: =if(len(B30)=0,"",vlookup(B30,'GG Handicap Import'!$A$2:$E$199,5,false))
C31: =if(len(B31)=0,"",vlookup(B31,'GG Handicap Import'!$A$2:$E$199,5,false))
C32: =if(len(B32)=0,"",vlookup(B32,'GG Handicap Import'!$A$2:$E$199,5,false))
C33: =if(len(B33)=0,"",vlookup(B33,'GG Handicap Import'!$A$2:$E$199,5,false))
C34: =if(len(B34)=0,"",vlookup(B34,'GG Handicap Import'!$A$2:$E$199,5,false))
C35: =if(len(B35)=0,"",vlookup(B35,'GG Handicap Import'!$A$2:$E$199,5,false))
C36: =if(len(B36)=0,"",vlookup(B36,'GG Handicap Import'!$A$2:$E$199,5,false))
... C63: =if(len(B63)=0,"",vlookup(B63,'GG Handicap Import'!$A$2:$E$199,5,false))
B1003: dailey.dewling@gmail.com | AC1003: qvBruV93ROu9uH5Ztb7vrQ
B1004: stevo0718@gmail.com | AC1004: VO5wPDHSRb6V8xNnyd-ZUg
B1005: fiery-jelly-090@anonymous.appuser.io | AC1005: FErkXHSwQSmqdHsukPEzLA

Sheet GG Handicap Import
A1: Email | B1: First Name | C1: Last Name | D1: Handle | E1: Index | F1: GHIN Id | G1: Registration Status | H1: Affiliation | I1: Date of Birth | J1: Gender | K1: Tee | L1: Registration Member or Guest | M1: Team Id | N1: Entry Number | O1: Pro or Amateur | P1: Riding / Walking / Caddie | Q1: address1 | R1: address2 | S1: city | T1: GHIN Active | Z1: GHIN Number | AA1: Golfer Name | AB1: Current | AC1: 45748 | AD1: 45717 | AE1: 45689 | AF1: 45658 | AG1: 45627 | AH1: 45597 | AI1: 45566 | AJ1: 45536 | AK1: 45505 | AL1: 45474 | AM1: 45444 | AN1: 45413
A2: baddleton@gmail.com | B2: Blake | C2: Addleton | D2: Blake Addleton | E2: 14.4 | F2: 10274849 | G2: Confirmed | H2: Minerva Golf Club | I2: 32899 | J2: M | L2: member | M2: 10 | N2: 10 | Q2: 3905 Weber Way | S2: Lexington | T2: Yes | Z2: 10274849 | AA2: Blake Addleton | AB2: 14.4 | AC2: 14.4 | AD2: 14.6 | AE2: 14.6 | AF2: 15.2 | AG2: 15.2 | AH2: 15.2 | AI2: 15.2 | AJ2: 15.2 | AK2: 15.1 | AL2: 14.8 | AM2: 15.4 | AN2: 14.4
A3: carnwine@gmail.com | B3: Cory | C3: Arnwine | D3: Cory Arnwine | E3: 14.5 | F3: 2348489 | G3: Confirmed | H3: Minerva Golf Club | I3: 32210 | J3: M | L3: member | M3: 7 | N3: 7 | Q3: 804 Walnut Avenue | S3: Charlotte | T3: Yes | Z3: 2348489 | AA3: Cory Arnwine | AB3: 13.7 | AC3: 13.7 | AD3: 13.7 | AE3: 13.7 | AF3: 13.7 | AG3: 13.7 | AH3: 13.7 | AI3: 13.7 | AJ3: 13.4 | AK3: 13 | AL3: 13 | AM3: 12.8 | AN3: 12.8
A4: blankdc.db@gmail.com | B4: Devin | C4: Blankenship | D4: Devin Blankenship | E4: 6.7 | F4: 10239037 | G4: Confirmed | H4: Horseshoe Bend Country Club | J4: M | L4: guest | M4: 22 | N4: 22 | T4: Yes | Z4: 12247571 | AA4: Justin Brown | AB4: 27.6 | AC4: 27.6 | AD4: 27.6 | AE4: 27.6 | AF4: 27.6 | AG4: 27.6 | AH4: 27.6 | AI4: 27.6 | AJ4: 27.6 | AK4: 27.6 | AL4: 27.6 | AM4: 27.6 | AN4: 27.6
A5: grady.bunn@gmail.com | B5: Grady | C5: Bunn | D5: Grady Bunn | E5: 13.5 | F5: 2348690 | G5: Confirmed | H5: Minerva Golf Club | I5: 32501 | J5: M | L5: member | M5: 13 | N5: 13 | Q5: 1873 Bragg St | S5: Chamblee | T5: Yes | Z5: 2348690 | AA5: Grady Bunn | AB5: 13.5 | AC5: 13.6 | AD5: 13.6 | AE5: 13.6 | AF5: 13.6 | AG5: 12.7 | AH5: 12.6 | AI5: 12.6 | AJ5: 12.6 | AK5: 12.6 | AL5: 15.5 | AM5: 15.7 | AN5: 15.7
A6: rburnsgt@gmail.com | B6: Rob | C6: Burns | D6: Rob Burns | E6: 19.2 | F6: 2348566 | G6: Confirmed | H6: Minerva Golf Club | I6: 32658 | J6: M | L6: member | M6: 18 | N6: 18 | Q6: 2719 Green Meadows Ln NE | S6: Brookhaven | T6: Yes | Z6: 2348566 | AA6: Rob Burns | AB6: 19.2 | AC6: 19.2 | AD6: 19.2 | AE6: 19.2 | AF6: 19.2 | AG6: 19.2 | AH6: 19.2 | AI6: 19.9 | AJ6: 19.9 | AK6: 19.9 | AL6: 20.8 | AM6: 20.8 | AN6: 20.8
A7: blchiodo@gmail.com | B7: Bryan | C7: Chiodo | D7: Bryan Chiodo | E7: 16.6 | F7: 10256142 | G7: Confirmed | H7: USGA/GSGA GC | J7: M | L7: guest | M7: 27 | N7: 27 | S7: CUMMING | T7: Yes | Z7: 2357070 | AA7: Matt Davis | AB7: 17.8 | AC7: 18.2 | AD7: 18.2 | AE7: 18.2 | AF7: 18.2 | AG7: 18.2 | AH7: 18.2 | AI7: 18.4 | AJ7: 18.4 | AK7: 19.6 | AL7: 19.6 | AM7: 19.6 | AN7: 19.6
A8: msdavis66@gmail.com | B8: Matt | C8: Davis | D8: Matt Davis | E8: 17.3 | F8: 2357070 | G8: Confirmed | H8: Minerva Golf Club | I8: 33121 | J8: M | L8: member | M8: 16 | N8: 16 | Q8: 360 W 47th St | R8: Apt 4a | S8: New York | T8: Yes | Z8: 11689546 | AA8: Jeff DeLong | AB8: 32.4 | AC8: 32.4 | AD8: 32.4 | AE8: 32.4 | AF8: 32.4 | AG8: 32.4 | AH8: 32.2 | AI8: 32.2 | AJ8: 32.2 | AK8: 32.2 | AL8: 32.2 | AM8: 31.2 | AN8: 31.2
A9: jeffdelong12@gmail.com | B9: Jeff | C9: DeLong | D9: Jeff DeLong | E9: 32.4 | F9: 11689546 | G9: Confirmed | H9: Minerva Golf Club | J9: M | L9: member | M9: 24 | N9: 24 | T9: Yes | Z9: 2348438 | AA9: Robby Dewling | AB9: 7.9 | AC9: 7.3 | AD9: 7.3 | AE9: 7.7 | AF9: 7.7 | AG9: 7.7 | AH9: 7.7 | AI9: 8.8 | AJ9: 8.8 | AK9: 9.3 | AL9: 11.4 | AM9: 11.7 | AN9: 12.5
A10: rdewling@gmail.com | B10: Robby | C10: Dewling | D10: Robby Dewling | E10: 6.1 | F10: 2348438 | G10: Confirmed | H10: Minerva Golf Club | I10: 32723 | J10: M | L10: member | M10: 9 | N10: 9 | Q10: 381 Hascall Road Northwest | S10: Atlanta | T10: Yes | Z10: 2357064 | AA10: Alex Edson | AB10: 10.8 | AC10: 10.9 | AD10: 9.5 | AE10: 9.6 | AF10: 9.6 | AG10: 9.9 | AH10: 9.7 | AI10: 9.7 | AJ10: 9.7 | AK10: 9.7 | AL10: 9.7 | AM10: 9.7 | AN10: 9.7
A11: ar3dson@gmail.com | B11: Alex | C11: Edson | D11: Alex Edson | E11: 7.6 | F11: 2357064 | G11: Confirmed | H11: Minerva Golf Club | I11: 33816 | J11: M | L11: member | M11: 1 | N11: 1 | Q11: 789 Hammond Dr | R11: Apt 3301 | S11: Atlanta | T11: Yes | Z11: 2348481 | AA11: Ashby Foltz | AB11: 17.7 | AC11: 17.7 | AD11: 18.1 | AE11: 18.4 | AF11: 18.4 | AG11: 17.6 | AH11: 17.6 | AI11: 15.8 | AJ11: 15.8 | AK11: 15.8 | AL11: 15.4 | AM11: 14.9 | AN11: 14.8
A12: afoltz3@gmail.com | B12: Ashby | C12: Foltz | D12: Ashby Foltz | E12: 17.8 | F12: 2348481 | G12: Confirmed | H12: Minerva Golf Club | I12: 32582 | J12: M | L12: member | M12: 15 | N12: 15 | Q12: 500 Emory Circle NE | S12: Atlanta | T12: Yes | Z12: 10275275 | AA12: Nick Johnson | AB12: 27.1 | AC12: 27.1 | AD12: 27.1 | AE12: 27.1 | AF12: 27.1 | AG12: 27.1 | AH12: 27.1 | AI12: 25.6 | AJ12: 25.6 | AK12: 25.6 | AL12: 25.6 | AM12: 25.6 | AN12: 25.6
A13: nick.johnson810@gmail.com | B13: Nick | C13: Johnson | D13: Nick Johnson | E13: 28.6 | F13: 10275275 | G13: Confirmed | H13: Minerva Golf Club | I13: 32365 | J13: M | L13: member | M13: 19 | N13: 19 | Q13: 339 W 16th St | S13: Houston | T13: Yes | Z13: 11102154 | AA13: Jay Kornder II | AB13: 33 | AC13: 33 | AD13: 33 | AE13: 33 | AF13: 33 | AG13: 33 | AH13: 33.8 | AI13: 32.4 | AJ13: 32.4 | AK13: 32.4 | AL13: 32.4 | AM13: 32.4 | AN13: 32.4
A14: gmlane@gmail.com | B14: George | C14: Lane | D14: George Lane | E14: 10.7 | F14: 2699107 | G14: Confirmed | H14: Minerva Golf Club | I14: 32346 | J14: M | L14: member | M14: 2 | N14: 2 | Q14: 476 Wilmer St NE Unit 1510 | S14: Atlanta | T14: Yes | Z14: 2699107 | AA14: George Lane | AB14: 10.2 | AC14: 9.8 | AD14: 8.6 | AE14: 8.6 | AF14: 8.6 | AG14: 8.6 | AH14: 8.6 | AI14: 6.7 | AJ14: 6.7 | AK14: 6.7 | AL14: 6.7 | AM14: 6.7 | AN14: 6.7
A15: mastrangeloms@gmail.com | B15: Marc | C15: Mastrangelo | D15: Marc Mastrangelo | E15: 27.3 | F15: 10477569 | G15: Confirmed | H15: Minerva Golf Club | I15: 32606 | J15: M | L15: member | M15: 21 | N15: 21 | Q15: 227 N Central Ave | S15: Campbell | T15: Yes | Z15: 10477569 | AA15: Marc Mastrangelo | AB15: 28.7 | AC15: 28.8 | AD15: 28.8 | AE15: 28.8 | AF15: 28.8 | AG15: 28.8 | AH15: 28.8 | AI15: 28.8 | AJ15: 28.8 | AK15: 28.3 | AL15: 28 | AM15: 27.3 | AN15: 26.7
A16: dmustard@gmail.com | B16: David | C16: Mustard | D16: David Mustard | E16: 10.6 | F16: 2155192 | G16: Confirmed | H16: Minerva Golf Club | I16: 30785 | J16: M | L16: member | M16: 14 | N16: 14 | Q16: 3058 Gant Quarters Cir | S16: Marietta | T16: Yes | Z16: 10267277 | AA16: Ryan Morrissey | AB16: 7.4 | AC16: 6.6 | AD16: 6.6 | AE16: 4.5 | AF16: 4.5 | AG16: 3.9 | AH16: 3.9 | AI16: 3.9 | AJ16: 3.9 | AK16: 3.9 | AL16: 3.9 | AM16: 3.9 | AN16: 3.9
A17: johnprichards3@gmail.com | B17: John | C17: Richards | D17: John Richards | E17: 24.2 | F17: 10662253 | G17: Confirmed | H17: Minerva Golf Club | J17: M | L17: member | M17: 20 | N17: 20 | Q17: 1875 Woodland Hills Ave NW | S17: Atlanta | T17: Yes | Z17: 2155192 | AA17: David Mustard | AB17: 11.2 | AC17: 11.3 | AD17: 11.3 | AE17: 11.3 | AF17: 11.3 | AG17: 11.3 | AH17: 11.3 | AI17: 11.3 | AJ17: 11.5 | AK17: 11.5 | AL17: 11 | AM17: 10.6 | AN17: 11
A18: saebobbyross@gmail.com | B18: Bobby | C18: Ross | D18: Bobby Ross | E18: 16.2 | F18: 2348449 | G18: Confirmed | H18: Minerva Golf Club | I18: 32318 | J18: M | L18: member | M18: 11 | N18: 11 | Q18: 3500 Brookfield Dr | S18: Greensboro | T18: Yes | Z18: 10662253 | AA18: John Richards | AB18: 25.5 | AC18: 25.5 | AD18: 25.5 | AE18: 25.5 | AF18: 25.5 | AG18: 25.5 | AH18: 25.8 | AI18: 25.8 | AJ18: 25.8 | AK18: 25.8 | AL18: 25.5 | AM18: 24.7 | AN18: 24.7
A19: zackpetaylor@gmail.com | B19: Zachary | C19: Taylor | D19: Zachary Taylor | E19: 10.4 | F19: 3198866 | G19: Confirmed | J19: M | L19: member | M19: 4 | N19: 4 | T19: Yes | Z19: 2348449 | AA19: Bobby Ross | AB19: 15.8 | AC19: 15.8 | AD19: 15.8 | AE19: 15.8 | AF19: 15.8 | AG19: 15.8 | AH19: 15.8 | AI19: 15.4 | AJ19: 15.4 | AK19: 15.4 | AL19: 15.4 | AM19: 15.4 | AN19: 15.4
A20: vhwestphal@gmail.com | B20: Hastings | C20: Westphal | D20: Hastings Westphal | E20: 12.9 | F20: 2530813 | G20: Confirmed | J20: M | L20: member | M20: 8 | N20: 8 | T20: Yes

Sheet Current Event Scores
A1: Name | B1: Over Par | C1: Thru | D1: Display Projection? | E1: Handicap | F1: Course (optional) | G1: Rating | H1: Slope | I1: Gross Score (optional) | J1: # of Holes | K1: Par | L1: Actual Gross | M1: Net Score | N1: Projected Gross | O1: Actual Scratch | P1: Projected Scratch | Q1: Projected Net | R1: Event Type | S1: Photo | T1: Entered by | U1: Created Date/Time | V1: Formatted Created Dttm | W1: Tee Time | X1: Tee Time (to date) | Y1: ID | Z1: Last Updated By | AA1: Last Updated Time | AB1: Formatted Last Updated Dttm | AC1: Entered By Name | AD1: Updated By Name | AE1: Gross (Net) or Tee Time | AF1: Gross (Net) or empty | AG1: Tee Time or Empty | AH1: Total Thru | AI1: Total Over Par | AJ1: Total Over Par (Formatted) | AK1: Gross (Actual Scratch) | AL1: Gross (Projected Scratch) | AM1: Round Progress | AN1: Event Name | AO1: Net Event Points | AP1: Scratch Event Points | AQ1: Hide from score list | AR1: Score Image | AS1: NCRDB | AT1: Score Needed for E | AU1: Me vs. Other Member | AV1: Selected Member | AW1: Thru 0,9,18 (0,1,2,3) | AX1: Total Thru with Override | AY1: Current Location | AZ1: Golfer | BA1: Course | BB1: Thru | BC1: Score
A2: {=if(len(F2:F52)=0,"",if(AU2:AU52="Me",AC2:AC52,AV2:AV52))} | D2: {=IF(LEN(A2:A52) = 0, "", "Y")} | E2: {=IF(LEN(A2:A52) = 0, "", if(J2:J52=18,vlookup(A2:A52,Profile!A$2:E52,3,false),vlookup(A2:A52,Profile!A$2:F52,5,false)))} | G2: {=IF(LEN(F2:F52) = 0, "", vlookup(F2:F52,Courses!A:H,5,false))} | H2: {=IF(LEN(F2:F52) = 0, "", vlookup(F2:F52,Courses!A:H,6,false))} | J2: {=IF(LEN(F2:F52) = 0, "", vlookup(F2:F52,Courses!A:H,7,false))} | K2: {=IF(LEN(F2:F52) = 0, "", vlookup(F2:F52,Courses!A:H,8,false))} | L2: {=if(len(A2:A52)=0,"",if(len(I2:I52)>0,I2:I52,K2:K52+B2:B52))} | M2: {=IF(LEN(A2:A52) = 0, "",ROUND(I2:I52-round(Controls!W2*(((E2:E52*H2:H52)/113)+(G2:G52-K2:K52)),0)-K2:K52,0) )} | N2: {=IF(LEN(A2:A52) = 0, "",round((B2:B52+(round(Controls!W2*((E2:E52*H2:H52/113)+(G2:G52-K2:K52)),0)/J2:J52)*(J2:J52-C2:C52)+K2:K52),0))} | O2: {=IF(LEN(A2:A52) = 0, "",if(len(C2:C52) + len(I2:I52) = 0,"",if(len(I2:I52) > 0, I2:I52-round(((0*H2:H52)/113)+(G2:G52-K2:K52),0)-K2:K52, ROUND(L2:L52-round(((0*H2:H52)/113)+(G2:G52-K2:K52),0)-K2:K52,0))))} | P2: {=IF(LEN(A2:A52) = 0, "",if(len(C2:C52) + len(I2:I52) = 0,"",if(len(I2:I52) > 0, I2:I52-round(((0*H2:H52)/113)+(G2:G52-K2:K52),0)-K2:K52, ROUND(N2:N52-round(((0*H2:H52)/113)+(G2:G52-K2:K52),0)-K2:K52,0))))} | Q2: {=IF(LEN(A2:A52) = 0, "",if(len(C2:C52) + len(I2:I52) = 0,"",if(len(I2:I52) > 0, M2:M52, ROUND(N2:N52-round(Controls!$W$2*((E2:E52*H2:H52/113)+(G2:G52-K2:K52)),0),0)-K2:K52)))} | R2: {=IF(LEN(A2:A52) = 0, "",Types!G2)} | S2: {=IF(LEN(A2:A52) = 0, "", vlookup(A2:A52,Profile!A$2:F52,6,false))} | V2: {=IF(LEN(A2:A52) = 0, "", TEXT(U2:U52,"M/D/YY - H:MM AM/PM"))} | X2: {=if(len(A2:A52)=0,"",text(W2:W52,"DDD M/D - H:MM AM/PM"))} | AB2: {=IF(LEN(AA2:AA52) = 0, "", TEXT(AA2:AA52,"M/D/YY - H:MM AM/PM"))} | AC2: {=IF(LEN(T2:T52) = 0, "", vlookup(T2:T52,Profile!B$2:J52,9,false))} | AD2: {=IF(LEN(Z2:Z52) = 0, "", vlookup(Z2:Z52,Profile!B$2:J52,9,false))} | AE2: {=IF(LEN(A2:A52) = 0, "", if(len(AH2:AH52)= 0,"Tee Time: " & if(len(W2:W52)=0,text(U2:U52,"DDD M/D - H:MM AM/PM"),text(W2:W52,"DDD M/D - H:MM AM/PM")),if(Q2:Q52>0,AJ2:AJ52 &"(+"&Q2:Q52 & ")" & " " & AH2:AH52,if(Q2:Q52=0,AJ2:AJ52 &"(E)" & " " & AH2:AH52,AJ2:AJ52 &"(" & Q2:Q52 & ")" & " " & AH2:AH52))))} | AF2: {=IF(LEN(A2:A52) = 0, "", if(len(AH2:AH52)= 0,"",if(Q2:Q52>0,AJ2:AJ52 &"(+"&Q2:Q52 & ")" & " " & AH2:AH52,if(Q2:Q52=0,AJ2:AJ52 &"(E)" & " " & AH2:AH52,AJ2:AJ52 &"(" & Q2:Q52 & ")" & " " & AH2:AH52))))} | AG2: {=IF(LEN(A2:A52) = 0, "", if(len(AH2:AH52)= 0,if(len(W2:W52)=0,text(U2:U52,"M/D/YY - H:MM AM/PM"),text(W2:W52,"DDD M/D - H:MM AM/PM")),""))} | AH2: {=IF(LEN(A2:A52) = 0, "", if(len(I2:I52)> 0,"Thru F",if(J2:J52=C2:C52,"Thru F",if(len(C2:C52)>0,"Thru " & C2:C52,""))))} | AI2: {=IF(LEN(A2:A52) = 0, "", if(len(B2:B52) + (I2:I52) = 0,"", if(len(I2:I52)> 0,I2:I52-K2:K52,B2:B52)))} | AJ2: {=IF(LEN(A2:A52) = 0, "", if(AI2:AI52 = 0,"E",if(AI2:AI52 < 0,AI2:AI52,if(len(AI2:AI52) > 0 ,"+" & AI2:AI52,if(len(AI2:AI52) = 0 ,"E" ,AI2:AI52)))))} | AK2: {=IF(LEN(A2:A52) = 0, "", if(len(AH2:AH52)= 0,"",if(O2:O52>0,AJ2:AJ52 &"(+"&O2:O52 & ")" & " " & AH2:AH52,if(O2:O52=0,AJ2:AJ52 &"(E)" & " " & AH2:AH52,AJ2:AJ52 &"(" & O2:O52 & ")" & " " & AH2:AH52))))} | AL2: {=IF(LEN(A2:A52) = 0, "", if(len(AH2:AH52)= 0,"",if(P2:P52>0,AJ2:AJ52 &"(+"&P2:P52 & ")" & " " & AH2:AH52,if(P2:P52=0,AJ2:AJ52 &"(E)" & " " & AH2:AH52,AJ2:AJ52 &"(" & P2:P52 & ")" & " " & AH2:AH52))))} | AM2: {=if(len(A2:A52)=0,"",if(len(I2:I52)>0,18,if(C2:C52="",0,(if(J2:J52=9,C2:C52*2,C2:C52)))))} | AN2: {=IF(LEN(A2:A52) = 0, "",Types!H2)} | AO2: {=IF(LEN(A2:A52) = 0, "", vlookup(Y2:Y52,'Scores + Points'!A$2:Z52,20,false))} | AP2: {=IF(LEN(A2:A52) = 0, "", vlookup(Y2:Y52,'Scores + Points'!A$2:Z52,24,false))} | AR2: {=IFERROR(VLOOKUP(Q2:Q52,'Score Images'!A2:C52,3,false),"")} | AS2: {=if(len(A2:A52)=0,"","http://ncrdb.usga.org/")} | AT2: {=IF(LEN(A2:A52) = 0, "",round(Controls!W2*(((E2:E52*H2:H52)/113)+(G2:G52-K2:K52)),0)+K2:K52)} | AW2: {=IF(LEN(A2:A52) = 0, "",if(AX2:AX52="",0,if(AX2:AX52<1,0,if(AX2:AX52<9,0,if(AX2:AX52<18,2,if(AX2:AX52=18,3))))))} | AX2: {=if(len(A2:A52)=0,"",if(len(I2:I52)>0,J2:J52,if(C2:C52="","",C2:C52)))} | AZ2: {=IF(LEN(A2:A52) = 0, "", A2:A52)} | BA2: {=IF(LEN(A2:A52) = 0, "", F2:F52)} | BB2: {=IF(LEN(A2:A52) = 0, "", C2:C52)} | BC2: {=IF(LEN(A2:A52) = 0, "", B2:B52)}
A3: Robby Dewling | D3: Y | E3: 6.1 | F3: Echelon Golf Club - Blue (18 Holes) | G3: 72.3 | H3: 138 | I3: 88 | J3: 18 | K3: 72 | L3: 88 | M3: 9 | N3: 79 | O3: 16 | P3: 16 | Q3: 9 | R3: M | S3: https://storage.googleapis.com/glide-prod.appspot.com/uploads-v2/GNXfNUSV91nct3RVn9zd/pub/wD9y0NT35v2ch7ZEGxQP.jpeg | T3: rdewling@gmail.com | U3: 45878.892 | V3: 8/9/25 - 9:24 PM | W3: 45878.892 | X3: Sat 8/9 - 9:24 PM | Y3: 22afcbf8-018a-40f0-a9b3-1751d57cf998 | AC3: Robby Dewling | AE3: +16(+9) Thru F | AF3: +16(+9) Thru F | AH3: Thru F | AI3: 16 | AJ3: +16 | AK3: +16(+16) Thru F | AL3: +16(+16) Thru F | AM3: 18 | AN3: 12 | AO3: 4.6 | AP3: 7.6 | AR3: https://lh3.googleusercontent.com/Y1BGH5wfNUq_6FALjd6GJM9u9uoPOYcyGex1XAxsRdOzIPEnKzIoymBsuWd3FnkIh1sADPvhnLckSPvau475e1Frgdztu2vmyrBE4g0InPaiSlscKMyL02ub1dmA-77T2qpA9WSb20TUT5avXawNU2UnKg740z--El6KHjPP6dKkKWpzzl8aUvQYtHm7RQDjqtpLfljwkHHqfewL5Oo2pcKfbxq41gA-3e-4qvSABiUn5zXFnWZOmGyuqNPXZ36dzqs74uZvxaLVCXDLflg4lnu6iKwW3a8vZkaNBhp5wJQvNKtv2kPvSksFNazb94cwWZSQj_WqsaFE9otVXlC18dycsPOYW4O2jvB5h5QYhUVryYQcdQ1VOpdb5e5shlb4oTeMgtQ6nWd_nARV_v0xk3wUqQI3pvtN_fxeWuS5sHdlwpDAiOpq9tIAeLdIm2gn_OauOAcrx0qc0eBPETSvtbpLBhMjkFxATYQnRenQaIW-yGsvyPz2qx__oS3VHgHgG1IprArR_3qS8QsSrlTQwaXJDsoWSVIsP5QRY-DgzBvTpcYFa9nZMGDuIp-R_Qn0EJvxyyofz79nLB0LrHPJQOwOvg0NBThMsbMevzMmIOAAjofOchigr46t_y63ajVNT1PqB7KBAfPgoDtGUlqyzsXQcUor1RJlTV9FnHIHEdPJ79qYPRZvPO2C=w116-h103-no | AS3: http://ncrdb.usga.org/ | AT3: 79 | AU3: Me | AW3: 3 | AX3: 18 | AZ3: Robby Dewling | BA3: Echelon Golf Club - Blue (18 Holes)
A5: Cory Arnwine | B5: 20 | C5: 18 | D5: Y | E5: 14.5 | F5: Elie - White (18 Holes) | G5: 70.5 | H5: 124 | J5: 18 | K5: 70 | L5: 90 | M5: -86 | N5: 90 | O5: 19 | P5: 19 | Q5: 4 | R5: M | S5: https://storage.googleapis.com/glide-prod.appspot.com/uploads-v2/GNXfNUSV91nct3RVn9zd/pub/ZVOcGslXfVNwGSOfc3Rm.jpeg | T5: carnwine@gmail.com | U5: 45887.349 | V5: 8/18/25 - 8:22 AM | W5: 45887.625 | X5: Mon 8/18 - 3:00 PM | Y5: 6af22a98-2476-46e9-a505-7687560e5756 | AC5: Cory Arnwine | AE5: +20(+4) Thru F | AF5: +20(+4) Thru F | AH5: Thru F | AI5: 20 | AJ5: +20 | AK5: +20(+19) Thru F | AL5: +20(+19) Thru F | AM5: 18 | AN5: 12 | AO5: 10.6 | AP5: 4.6 | AR5: https://lh3.googleusercontent.com/X9NboRI9tXpfX4phhLZVYexHVnQAJBEoc0hBQVGKHHqWBul-E9E_TgJvwHNjt7LQjZOFV-9kYbZ9XphA5rbyC7zyZNjaUVjEiOENCW7vMoC5MjbgxAilXTyc9CYSOAgrCUmmmMYTIggYHJQkbY4dFSEXBJ8CIKUtRqX_CzpCKLlVG4kp_4eVVYlZaKU_7YQXUIjVGwzH0ZxJF315f5lY0iVnSlj606BU3XEz-vbOY0jk2h0oHdwfrDebb19DXndyl5kwTSXapNeSVWdutJIvhOdHtWBCieEJqW7gB_NWYdSTsAAB-IXNdV27cGYjCywVvoDNtxe4Phb0twHtHJqAPGIl2u7xMd72IQ5QQD9UQPmwgI4u2vk7jvwA9agTu-xLOfYMXkvrDlwWdkSQl_Yw3IcN90qVXfi0k7_AbklUTfOi3-S9IWFUXtgy1Cgt_E6yQB7-PBZyDo19DoW5vHtfmqBb8T5E8P2QzmB5dRpfgMAe8TO9PWZngokrrJVizc8BdIuEHJ2wTTcIHDuurywX6XICUy1ef5WWp6pYmVEVslCCFL4xczkTi4vwT_tiaKGQVEt0rJ-4U26ZsICBHFRTocCAmN_qsmdCmgzI_u7Gsyr4glyhOh6p_uDTGA-1kx12K_Qc_mq-ASZkVZLc8KM0LlHGSumasNaXYDqnV5Bvq0FGCfp2vgwvOd4=w116-h103-no | AS5: http://ncrdb.usga.org/ | AT5: 86 | AU5: Me | AW5: 3 | AX5: 18 | AZ5: Cory Arnwine | BA5: Elie - White (18 Holes) | BB5: 18 | BC5: 20
A6: Cory Arnwine | B6: 8 | C6: 18 | D6: Y | E6: 14.5 | F6: Lundin Golf Club - Yellow (18 Holes) | G6: 70.2 | H6: 130 | J6: 18 | K6: 71 | L6: 79 | M6: -86 | N6: 79 | O6: 9 | P6: 9 | Q6: -7 | R6: M | S6: https://storage.googleapis.com/glide-prod.appspot.com/uploads-v2/GNXfNUSV91nct3RVn9zd/pub/ZVOcGslXfVNwGSOfc3Rm.jpeg | T6: carnwine@gmail.com | U6: 45887.395 | V6: 8/18/25 - 9:28 AM | W6: 45887.401 | X6: Mon 8/18 - 9:38 AM | Y6: 0df8560c-5c66-42f9-b92e-478d57ec0257 | AC6: Cory Arnwine | AE6: +8(-7) Thru F | AF6: +8(-7) Thru F | AH6: Thru F | AI6: 8 | AJ6: +8 | AK6: +8(+9) Thru F | AL6: +8(+9) Thru F | AM6: 18 | AN6: 12 | AO6: 10.6 | AP6: 4.6 | AR6: https://lh3.googleusercontent.com/9IxIsPmI2L6ehbUx31jaId8YTx4Uf04R_OGSMAVzF4INV-PxuqGsf-Sj-EzNFF_EIJm_SsuGYrBSEdd2hOvIRfG8ORY2isaExX6YzEme5hI5jp-puAG6cRzaqXXA4Wbar8i1Atm4xhIldLSfaHb5jRJXdx6MCy1YBMZZXkx4DSoxgGec4kMEB7BJmtShIwYq9AOOcGWiqLoNfobwu42U8d4rgiEGgEnM7NI9Z_wTHp9Hw3Zd9pR3AgZfwPgZWueD5Be_E9m-qqNK2PAmqueSlD1JDlK5QCFWgjsNMHSYuA2z3Ul_-qT0sdAosGuxo-KJBod9J8LaTrYiEqGfQ55CtdiZw9wUGqNpzzNzmCOSNSe74sMHDVreudqowdE65JmvsbwNC5POWlFe8W50qHARP4wO8HB3ZzQRe1IbfkLOtX1HCVPjcFD0lRjH7Ix4X8O-g9_2UaFbCubLH9SByBFEwLd-UY6c4bynOJGFpyp_838VOhTA5Ubkkb15yrI-uRm5zgNloWU3iOGoKmjkYKOzM6b3gJtmLuBa3MzyoPRWjuLLL-_2vSv4hshSwapR06rR-NCywdgm_1JpICRhOCbRKJ1twztIlpyKYkELf47oi1xSz-SZ7R-j71YBg0nHVM9pcDB_byRKNPzL4I8YPnHGQvz6O7yrwGE0mRgSaHEHiM3EQN1aRDIxzQo=w116-h103-no | AS6: http://ncrdb.usga.org/ | AT6: 86 | AU6: Me | AW6: 3 | AX6: 18 | AZ6: Cory Arnwine | BA6: Lundin Golf Club - Yellow (18 Holes) | BB6: 18 | BC6: 8
A7: Ashby Foltz | D7: Y | E7: 17.8 | F7: Elie - White (18 Holes) | G7: 70.5 | H7: 124 | I7: 91 | J7: 18 | K7: 70 | L7: 91 | M7: 2 | N7: 89 | O7: 20 | P7: 20 | Q7: 2 | R7: M | S7: https://minervatour.files.wordpress.com/2019/10/img_5277.jpg | T7: afoltz3@gmail.com | U7: 45887.899 | V7: 8/18/25 - 9:34 PM | Y7: 01553992-5646-47e4-8564-28c3da1ea871 | AC7: Ashby Foltz | AE7: +21(+2) Thru F | AF7: +21(+2) Thru F | AH7: Thru F | AI7: 21 | AJ7: +21 | AK7: +21(+20) Thru F | AL7: +21(+20) Thru F | AM7: 18 | AN7: 12 | AO7: 5.6 | AP7: 3.6 | AR7: https://lh3.googleusercontent.com/wXx5aO2MitxNB5djH3t6tQ5qanOQLB2REHjUtBXGFtgKXmXD03ezp4rgby-1tFUVAbse9f5ScSZc71nI0g2qCi9Cay7PKhEa4e-mLVWXYYeEkid4MqrRFAXwCst3P7k3GyJlEHagAc8rXRTdDMFGIXw0hhNh4Je8M2JpPcS7qyIgNoZ3IlJnPAB2jLcF3zP9RlXtPhRQ-Ly9FS6J_7L0Bh5sivSzUWCz9ILpGMRfP6sbKpzOHK2aZn1-uipLAWuulVv9j9wpHxAcvmYUpeI6Dl9n59qOzkMea9ED25YlCpn1S-kj_tFs_7USxkTlld-i6qmYqpCj_o5pCdNYE7Rcn5bRf9AnJkbbQR9s7M1ZsoMqi2w4yzhJ8WumUWLRy_A_AQdM7EYNQZJCep-bPyg-ejqMNxmoT1Zrbx-1C_cvrCe5T4nbJF1Z1reiCyC_CgR37Uvt8kPfBtRdXWZxsb-mXFwT7mdtj9H8ohmAuM2oCm8Jwat1fpkhpFrmRcrYodWAJZx6xAmGHTsekpFV40Fvr1gFOwdn90bDuHofViSoepYiaq1WLK8o6sEEn0ATIOVCxZjl1UdhC6U22GMeChfJfJ8BPL_EsESYmE3wHMNdKTHzG1g0BYS9Xu1jfdG8PxNq9U1Vm3GU6R6hHUaELyw_YObN0SSPkgpH8esf4k1583EbAA2A9W4ONStn=w116-h102-no | AS7: http://ncrdb.usga.org/ | AT7: 89 | AU7: Me | AW7: 3 | AX7: 18 | AZ7: Ashby Foltz | BA7: Elie - White (18 Holes)
A8: Bobby Ross | D8: Y | E8: 16.2 | F8: Elie - White (18 Holes) | G8: 70.5 | H8: 124 | I8: 89 | J8: 18 | K8: 70 | L8: 89 | M8: 2 | N8: 87 | O8: 18 | P8: 18 | Q8: 2 | R8: M | S8: https://firebasestorage.googleapis.com/v0/b/glide-prod.appspot.com/o/img-uploads%2FGNXfNUSV91nct3RVn9zd%2F7ede3f.jpeg?alt=media | T8: saebobbyross@gmail.com | U8: 45887.899 | V8: 8/18/25 - 9:35 PM | W8: 45887.625 | X8: Mon 8/18 - 3:00 PM | Y8: 49e0a881-e98a-4c93-a953-6c76d6ea2915 | AC8: Bobby Ross | AE8: +19(+2) Thru F | AF8: +19(+2) Thru F | AH8: Thru F | AI8: 19 | AJ8: +19 | AK8: +19(+18) Thru F | AL8: +19(+18) Thru F | AM8: 18 | AN8: 12 | AO8: 3.6 | AP8: 0.6 | AR8: https://lh3.googleusercontent.com/wXx5aO2MitxNB5djH3t6tQ5qanOQLB2REHjUtBXGFtgKXmXD03ezp4rgby-1tFUVAbse9f5ScSZc71nI0g2qCi9Cay7PKhEa4e-mLVWXYYeEkid4MqrRFAXwCst3P7k3GyJlEHagAc8rXRTdDMFGIXw0hhNh4Je8M2JpPcS7qyIgNoZ3IlJnPAB2jLcF3zP9RlXtPhRQ-Ly9FS6J_7L0Bh5sivSzUWCz9ILpGMRfP6sbKpzOHK2aZn1-uipLAWuulVv9j9wpHxAcvmYUpeI6Dl9n59qOzkMea9ED25YlCpn1S-kj_tFs_7USxkTlld-i6qmYqpCj_o5pCdNYE7Rcn5bRf9AnJkbbQR9s7M1ZsoMqi2w4yzhJ8WumUWLRy_A_AQdM7EYNQZJCep-bPyg-ejqMNxmoT1Zrbx-1C_cvrCe5T4nbJF1Z1reiCyC_CgR37Uvt8kPfBtRdXWZxsb-mXFwT7mdtj9H8ohmAuM2oCm8Jwat1fpkhpFrmRcrYodWAJZx6xAmGHTsekpFV40Fvr1gFOwdn90bDuHofViSoepYiaq1WLK8o6sEEn0ATIOVCxZjl1UdhC6U22GMeChfJfJ8BPL_EsESYmE3wHMNdKTHzG1g0BYS9Xu1jfdG8PxNq9U1Vm3GU6R6hHUaELyw_YObN0SSPkgpH8esf4k1583EbAA2A9W4ONStn=w116-h102-no | AS8: http://ncrdb.usga.org/ | AT8: 87 | AU8: Me | AW8: 3 | AX8: 18 | AZ8: Bobby Ross | BA8: Elie - White (18 Holes)
A9: Alex Edson | D9: Y | E9: 7.6 | F9: Elie - White (18 Holes) | G9: 70.5 | H9: 124 | I9: 95 | J9: 18 | K9: 70 | L9: 95 | M9: 17 | N9: 78 | O9: 24 | P9: 24 | Q9: 17 | R9: M | S9: https://storage.googleapis.com/glide-prod.appspot.com/uploads-v2/GNXfNUSV91nct3RVn9zd/pub/MXbvc7EbvlbCRBjsPjcA.jpg | T9: carnwine@gmail.com | U9: 45887.902 | V9: 8/18/25 - 9:38 PM | X9: Sat 12/30 - 12:00 AM | Y9: 26d87c10-1ccf-45dc-a98f-404aa04d77a8 | AC9: Cory Arnwine | AE9: +25(+17) Thru F | AF9: +25(+17) Thru F | AH9: Thru F | AI9: 25 | AJ9: +25 | AK9: +25(+24) Thru F | AL9: +25(+24) Thru F | AM9: 18 | AN9: 12 | AO9: 1 | AP9: 1.6 | AR9: https://lh3.googleusercontent.com/SovAg0t0zByaah0O2LBG7X8ZgHdm1Rnr8iq0Yot6CC74iLKZgm-7UR7jnvzqr14OTS-0L-G1PSoEfP2gBvHgkQ9ojAvtKOuYwHOj5tXNst6hqSdtInLV74pR0EzlrpV2oCjVAHgHVPl9EynsvYKoa7lzAhW-NbkqkQkg_SfXZ8zahfrtg9BkF0y3A3gA9LTuu2enEgz61mBVM-4I-cNzUXiwLjNWDYXE4ljcTR2T-x0caUr4wuXpMeVP5RBApdCo2tq2cLeTQtHV-YyKMJxKz2X4sVv-hvNRcN7ejYqV2qepaWE6erOPQ3TKChzBIwAB1gcTqt8coJ_hQMEK0gFIe8OtY-j_UCEozQwTGuJh3aoG8sa01-fk-fSHr1hOQvbrQMkbJTMiZNrZBzAjxDjlXYwry7SS03g5tom3b-WL_e_B6cdkDd6oT-xjHN2-3BlrBFkGblVGORc95gSP9_0rvmtnocHbl3imyQijOlYD742zYjYSDmt8hBItXesObR6y19j6ycZQdzthafRXcAeNQpvlZqkhJ7Pb-jn2B7IAyKouK2z9pvy6WJY2I61xMTPwPx69zXLmxD5hKL76QzasmA4bLmPkFfMRskS0behOb9_O0OWY64oLOlraiuIrUEbo07sstA7wD75xuQFW0Z9dCEBoxx-WpvKIc2DVIZpFg1g1cPUqrTBfUes=w116-h103-no | AS9: http://ncrdb.usga.org/ | AT9: 78 | AU9: Other Member | AV9: Alex Edson | AW9: 3 | AX9: 18 | AZ9: Alex Edson | BA9: Elie - White (18 Holes)
A10: Cory Arnwine | B10: 13 | C10: 18 | D10: Y | E10: 14.5 | F10: St. Andrews - Eden - White (18 Holes) | G10: 70.6 | H10: 126 | J10: 18 | K10: 70 | L10: 83 | M10: -86 | N10: 83 | O10: 12 | P10: 12 | Q10: -3 | R10: M | S10: https://storage.googleapis.com/glide-prod.appspot.com/uploads-v2/GNXfNUSV91nct3RVn9zd/pub/ZVOcGslXfVNwGSOfc3Rm.jpeg | T10: carnwine@gmail.com | U10: 45888.02 | V10: 8/19/25 - 12:29 AM | W10: 45888.394 | X10: Tue 8/19 - 9:28 AM | Y10: cc273c27-8f66-4a16-9b4a-43753a76885f | AC10: Cory Arnwine | AE10: +13(-3) Thru F | AF10: +13(-3) Thru F | AH10: Thru F | AI10: 13 | AJ10: +13 | AK10: +13(+12) Thru F | AL10: +13(+12) Thru F | AM10: 18 | AN10: 12 | AO10: 10.6 | AP10: 4.6 | AR10: https://lh3.googleusercontent.com/tX5Isztzx1OoFrPJNQkRfEEnBALLLhljVk1z80zv_uyBL4aMbZVnqpDtitxxFPM7ba47NULJ4nGCG0AhgY9x6tILqDQKPVzT9XDkSA9CjnZlAQFccDnkUBUVlPVIJJyRAWW6vZ5315R_bTfRcxvv9814_fdU_FoSYaHqA87EMkoFWL27VhQTPrTIdI6SQZwLsOt0sc97iUhA2lL0NWlKYcXxM0xYQc7MJXXNK_LR2KoAMG05NjpkcqB4nDfm0NxdQnroQcn0IJDf2cyBirOAi8gBCxJwHKcpBxUTBHO158-65jMwmKZa7Fs8UKOvS_vUG8PUYEVSOIwKuOqUbOc7eXZkYqnub1LQgwMTyq3-ISnSSNcT70q7EcyesVlLM4YV6FZpEWSThmXLfvakkpeLPnLnrnoS3qBTH_84BaJG9OdJxQ28nzkPYXQPgjRBkClUzctGVqfDB2pQvQplUu7kTktEdiHSDj1N9OJ9AXggg9NT-pMMGWmI78GDuxT2vtOXMzr35y-jupJPeR4F6o2_ryCqIZmCJNBJgOCw3cpnv3BYyW0vQFEEUZQiL4N2UtYGs8KX-P_wV_0UlokPGH4JSFvjrpAhEREzun9Yb5GmUWPmuC1mcUHwz6BPxWxpn9ky0igAIwttMcsrUvMBrSoTfGbqXYfasTOCnzmKcsY96UxDDpWdqCVE5Cg=w116-h103-no | AS10: http://ncrdb.usga.org/ | AT10: 86 | AU10: Me | AW10: 3 | AX10: 18 | AZ10: Cory Arnwine | BA10: St. Andrews - Eden - White (18 Holes) | BB10: 18 | BC10: 13
A11: Cory Arnwine | B11: 21 | C11: 18 | D11: Y | E11: 14.5 | F11: St. Andrew’s - New Course - Yellow (18 Holes) | G11: 70.6 | H11: 125 | J11: 18 | K11: 71 | L11: 92 | M11: -86 | N11: 92 | O11: 21 | P11: 21 | Q11: 6 | R11: M | S11: https://storage.googleapis.com/glide-prod.appspot.com/uploads-v2/GNXfNUSV91nct3RVn9zd/pub/ZVOcGslXfVNwGSOfc3Rm.jpeg | T11: carnwine@gmail.com | U11: 45888.02 | V11: 8/19/25 - 12:29 AM | W11: 45888.628 | X11: Tue 8/19 - 3:04 PM | Y11: e02b755f-f63a-44bf-9f9e-eafd8e9dcdc1 | AC11: Cory Arnwine | AE11: +21(+6) Thru F | AF11: +21(+6) Thru F | AH11: Thru F | AI11: 21 | AJ11: +21 | AK11: +21(+21) Thru F | AL11: +21(+21) Thru F | AM11: 18 | AN11: 12 | AO11: 10.6 | AP11: 4.6 | AR11: https://lh3.googleusercontent.com/Gi7veismj6d99JVt7CQrjL0XTY-r5QRbgyXKckj4F2gupO4EAQeQawfhwK3671nOmSkDxfUGY3sagxYRSrxS4ZD1FNF6zc8P2axGqE7EBKRiAfn7aVVq7tqUieBE4jMdMdMDCbrpiP1JmyzVYdpNiUiG5aSIEYO4M1J_0ymq_YKvWWeGdfBGfk5Kf5k7X-IlDG2FhNMzPw7K0oi1vP5CMr5d1scyhhMEkwV0o_L3-dgG-4dpvwy2omZYIWjRKSSqcxRCcNe04H8dkTLZ7W47ZIL-3XPNI6RXID5cai4FbWkrhq94i7kkk6_B8uYAcVd61_8zfBH0DpBeryEoDnzjuzDj3BeZTavzyb8JBiUdalZKT6cQdoj-JN0Dycm01uT5VVaS6nz81JPy49BEhXJSREV53uq6ZGhECMsDGERamAsUSiMMDHi4Fsfe36LajOyFXsldFOBgN4Q7X5IC29SGRqL2FgEe2fu7XjEjy_YPkJd1AVc816_jKa4HjfA63dq9wBFgJAZFYZYY7OPfhhj5J7hdSrW6H4fAqPNcfC_eYV_cgQjzqZ4IgA8mKYQKyKNpYynZ3vFjKqKlfpaRVe8LqRkG6hoEJ6n94TVVueRRRxw0qTV9c04zmjlgzNO0AM4JO5Dk_b2t2C-EETotBzLQcGqvjQX8FL_lLYhdPlhO6LNdB58HNKEOcXJ_=w116-h103-no | AS11: http://ncrdb.usga.org/ | AT11: 86 | AU11: Me | AW11: 3 | AX11: 18 | AZ11: Cory Arnwine | BA11: St. Andrew’s - New Course - Yellow (18 Holes) | BB11: 18 | BC11: 21
A12: Robby Dewling | D12: Y | E12: 6.1 | F12: St. Andrews - Eden - White (18 Holes) | G12: 70.6 | H12: 126 | I12: 78 | J12: 18 | K12: 70 | L12: 78 | M12: 1 | N12: 77 | O12: 7 | P12: 7 | Q12: 1 | R12: M | S12: https://storage.googleapis.com/glide-prod.appspot.com/uploads-v2/GNXfNUSV91nct3RVn9zd/pub/wD9y0NT35v2ch7ZEGxQP.jpeg | T12: rdewling@gmail.com | U12: 45888.582 | V12: 8/19/25 - 1:58 PM | X12: Sat 12/30 - 12:00 AM | Y12: 16c1e790-e1c1-43e2-abef-c0e111861b3a | AC12: Robby Dewling | AE12: +8(+1) Thru F | AF12: +8(+1) Thru F | AH12: Thru F | AI12: 8 | AJ12: +8 | AK12: +8(+7) Thru F | AL12: +8(+7) Thru F | AM12: 18 | AN12: 12 | AO12: 4.6 | AP12: 7.6 | AR12: https://lh3.googleusercontent.com/tXy0O0LwConoBkdb4wz_YoG_IEPZfDqZaoIDpGZa5CKtCmLmp2m71LbcF8YmiREiuCeOTIHDVTMw9ukeELSKzkHpe6Tnzv8GGoqqLRz_OzkYzSzlGlbVTnatXkvoOqtb9ewJpjyJ9vZFXND4tWRo9Fp1-teBc0O26J_EUhCkbkwjrUgwkZJ8kTNwRkXyojoOJUyExq-zLSMp9XfdiMPYcVcX-BGMUeuytjeJRH8JbyGg1Zuq4sdTcjSd0vGF4le4Ahkf03P2jn4FsfIzVQ3dPjbzePO8kfJVmSLrgi_UnYvLWfNeeonYS1ZXjKs8DombNrdZNj6UXt73utGXVAIK8pH8f15jMtX1RZdNqZ014Awmd0P32v8g2WZ7X_PCAe3eDKqPHSh9UCFgzcuTP97PcMWt5_HQv7VUqqQvCUfCRQWlcgbUdiq5rI5hLD7VnkA8Ul69Hez2lFM2B9FY3rdyZYjrZ-Vq52OPhUe8XNHaYRUWshyjplJjT2kcFs74Bs7ihIoJ-UwJVQdCOqwEEKeYRtQygGAf_IyNCLInI2OpKTw-lY-UOSZTz10f9R9u0RvtWv5LolPzMztNeHcPdq8TzanctW1yQRntXIKXJycEGNEJxOPMoy2ggRWRG6T1ce0BaL7Lk12smXw8Txql7ih_6AmS95k1S7n6XutAkcoY88h1VQ-0WCFP6mM=w116-h103-no | AS12: http://ncrdb.usga.org/ | AT12: 77 | AU12: Me | AW12: 3 | AX12: 18 | AZ12: Robby Dewling | BA12: St. Andrews - Eden - White (18 Holes)
A13: Bobby Ross | D13: Y | E13: 16.2 | F13: St. Andrews - Eden - White (18 Holes) | G13: 70.6 | H13: 126 | I13: 87 | J13: 18 | K13: 70 | L13: 87 | M13: -1 | N13: 88 | O13: 16 | P13: 16 | Q13: -1 | R13: M | S13: https://firebasestorage.googleapis.com/v0/b/glide-prod.appspot.com/o/img-uploads%2FGNXfNUSV91nct3RVn9zd%2F7ede3f.jpeg?alt=media | T13: saebobbyross@gmail.com | U13: 45888.584 | V13: 8/19/25 - 2:00 PM | W13: 45888.403 | X13: Tue 8/19 - 9:40 AM | Y13: 5d61b43f-54c5-4400-abc3-440f023087df | AC13: Bobby Ross | AE13: +17(-1) Thru F | AF13: +17(-1) Thru F | AH13: Thru F | AI13: 17 | AJ13: +17 | AK13: +17(+16) Thru F | AL13: +17(+16) Thru F | AM13: 18 | AN13: 12 | AO13: 3.6 | AP13: 0.6 | AR13: https://lh3.googleusercontent.com/y79LG6IOyNlVI4nffsIu4kI94A0lbmxdi17sZmagyGBM9juhotJIZKgEmCBQ5C6BbuOQynHSrWnhIXR2m9uqHLciIKN2MrW9qbGJyoudCFhpHWtdBTvr-4MZ91EmiAxZo-GLDbymXRZwcNv_4Xx93GIstPTH4x6D4b-eBTuBlH_cMPeKJib5TV0JXyI9l3bReZxhIr7Hr8R4sspZ3z0N5ggeS1646Nh1YTgVyOt76WNYZ7X4P3VNRcYlqSV1yAb6UI4gglnSJ7eJiB3_oQzoCkS95Yv1iwlJcPZokLGVsmMNRugyTGVq5tE5VfB_Dk2UuJPCz8zRm4519cvKV2rULEzDrMc8ExWBi486KOB6ILkTZ17wfSom6dp2awhc1RFxXEWo7hvoYir_JjZyBOgTaqT2QCnNpynOfK8VjCfw8z8rqE-Pdn6z-9wnXKbvolaV4iFENkO_RSjcmm2QgI8BmSzsCioYESsgVYbVlQ9L9oQ-U6K99A1Xbj3F5SGs4Hb2fzqT37cDyzLr7cDeciH-d7Y_yY2MkILh73v3IjJikE66jgVVxBDqrK_Vqqnc-NYzz0jCpKGxIoE3h2-VWCUSmVohoFhCLJacUX-CGyCzDechjKtn9h1jcpE_gXm9lolhadIiGRv41PRR3IYH2vhh4A7QQ_x9E29hO6RPPlRy8ygFeDLiYAeHqUU=w116-h103-no | AS13: http://ncrdb.usga.org/ | AT13: 88 | AU13: Me | AW13: 3 | AX13: 18 | AZ13: Bobby Ross | BA13: St. Andrews - Eden - White (18 Holes)
A14: George Lane | D14: Y | E14: 10.7 | F14: St. Andrews - Eden - White (18 Holes) | G14: 70.6 | H14: 126 | I14: 77 | J14: 18 | K14: 70 | L14: 77 | M14: -5 | N14: 82 | O14: 6 | P14: 6 | Q14: -5 | R14: M | S14: https://firebasestorage.googleapis.com/v0/b/glide-prod.appspot.com/o/img-uploads%2FGNXfNUSV91nct3RVn9zd%2Fb607eb.jpeg?alt=media | T14: gmlane@gmail.com | U14: 45888.585 | V14: 8/19/25 - 2:02 PM | X14: Sat 12/30 - 12:00 AM | Y14: dd993d24-4f91-41d7-bb02-8e8159895c7d | AC14: George Lane | AE14: +7(-5) Thru F | AF14: +7(-5) Thru F | AH14: Thru F | AI14: 7 | AJ14: +7 | AK14: +7(+6) Thru F | AL14: +7(+6) Thru F | AM14: 18 | AN14: 12 | AO14: 7.6 | AP14: 5.6 | AR14: https://lh3.googleusercontent.com/Ic-NM2pPcYVokMRc6R2DIFUy4lMvGrTrLFW-PcP7MTLTloyJdovjG0Gjx4BKZ5XYHYyaDnhBcYPPuUQplWfA9KwCqmN3f0ASBPjRXJY8HoxgFYRfAnLbgiFEE0tw2F-Ej7Doo0Y5eTwwLd5r0c7-aDS_yh3KluTJbiSNVxbuzybPiBfRCVcslk90Ml9kEczo1cSijcK31obbogieSBhiY0eUSidlHSMAYtxG5B_eJVoM62HO8Xxf9v5Dgco8WbfmipZWMBDnDMzfKJU3DbimKx1uYdMwW-V8--xdlR-HfwUhIil-TWixeDyyvmIusmNRtO7lo2JZsWqp3tqWWRdfaNjMDsOi81e_Q5gB-8D6OdZgGCIh6vR39Pc_ImN30dP9YIeugXhnwlr2A6KN3ZAEypFo7VbHt2ZW4lZG7ngtCefbty6N7fepEEfsdUUeye2Q5TYyGz8-wc_BrcHYGxfe12cX61Z4KHRnQlzBz_tH07oV8Q5dQr0A3CEc5UZ2iji2RdOVmQEfg1_N8MealuFDvVrvH2PaQw_sb_YUAhY0RlHoRk1rmc7MamBtVmksqW9XOhdDBPdamrU8eYRMZ7kT7TKGMm_BMQ3rweAfIVstggBFKTw59wu9-vLD-s5SwzEtgonq9qB4y-tk7ZEYyiX0LFBpjFC7huSv_kiTrkbPYWAC8DyM_AvMLNQ=w116-h103-no | AS14: http://ncrdb.usga.org/ | AT14: 82 | AU14: Me | AW14: 3 | AX14: 18 | AZ14: George Lane | BA14: St. Andrews - Eden - White (18 Holes)
I15: 88 | T15: afoltz3@gmail.com | U15: 45888.592 | Y15: c5c3b6c1-dd03-4527-91df-5fb5ef485b23 | AC15: Ashby Foltz | AU15: Me
A16: Ashby Foltz | D16: Y | E16: 17.8 | F16: St. Andrews - Eden - Black (18 Holes) | G16: 70.6 | H16: 125 | I16: 88 | J16: 18 | K16: 70 | L16: 88 | M16: -1 | N16: 89 | O16: 17 | P16: 17 | Q16: -1 | R16: M | S16: https://minervatour.files.wordpress.com/2019/10/img_5277.jpg | T16: afoltz3@gmail.com | U16: 45888.593 | V16: 8/19/25 - 2:14 PM | X16: Sat 12/30 - 12:00 AM | Y16: 82fd6248-2455-4126-904c-248a07e9d6c1 | AC16: Ashby Foltz | AE16: +18(-1) Thru F | AF16: +18(-1) Thru F | AH16: Thru F | AI16: 18 | AJ16: +18 | AK16: +18(+17) Thru F | AL16: +18(+17) Thru F | AM16: 18 | AN16: 12 | AO16: 5.6 | AP16: 3.6 | AR16: https://lh3.googleusercontent.com/y79LG6IOyNlVI4nffsIu4kI94A0lbmxdi17sZmagyGBM9juhotJIZKgEmCBQ5C6BbuOQynHSrWnhIXR2m9uqHLciIKN2MrW9qbGJyoudCFhpHWtdBTvr-4MZ91EmiAxZo-GLDbymXRZwcNv_4Xx93GIstPTH4x6D4b-eBTuBlH_cMPeKJib5TV0JXyI9l3bReZxhIr7Hr8R4sspZ3z0N5ggeS1646Nh1YTgVyOt76WNYZ7X4P3VNRcYlqSV1yAb6UI4gglnSJ7eJiB3_oQzoCkS95Yv1iwlJcPZokLGVsmMNRugyTGVq5tE5VfB_Dk2UuJPCz8zRm4519cvKV2rULEzDrMc8ExWBi486KOB6ILkTZ17wfSom6dp2awhc1RFxXEWo7hvoYir_JjZyBOgTaqT2QCnNpynOfK8VjCfw8z8rqE-Pdn6z-9wnXKbvolaV4iFENkO_RSjcmm2QgI8BmSzsCioYESsgVYbVlQ9L9oQ-U6K99A1Xbj3F5SGs4Hb2fzqT37cDyzLr7cDeciH-d7Y_yY2MkILh73v3IjJikE66jgVVxBDqrK_Vqqnc-NYzz0jCpKGxIoE3h2-VWCUSmVohoFhCLJacUX-CGyCzDechjKtn9h1jcpE_gXm9lolhadIiGRv41PRR3IYH2vhh4A7QQ_x9E29hO6RPPlRy8ygFeDLiYAeHqUU=w116-h103-no | AS16: http://ncrdb.usga.org/ | AT16: 89 | AU16: Me | AW16: 3 | AX16: 18 | AZ16: Ashby Foltz | BA16: St. Andrews - Eden - Black (18 Holes)
A17: Robby Dewling | D17: Y | E17: 6.1 | F17: St. Andrew’s - New Course - Yellow (18 Holes) | G17: 70.6 | H17: 125 | I17: 75 | J17: 18 | K17: 71 | L17: 75 | M17: -2 | N17: 77 | O17: 4 | P17: 4 | Q17: -2 | R17: M | S17: https://storage.googleapis.com/glide-prod.appspot.com/uploads-v2/GNXfNUSV91nct3RVn9zd/pub/wD9y0NT35v2ch7ZEGxQP.jpeg | T17: rdewling@gmail.com | U17: 45888.904 | V17: 8/19/25 - 9:42 PM | X17: Sat 12/30 - 12:00 AM | Y17: 07504fe0-e8e9-45d4-916c-0693742cd76d | AC17: Robby Dewling | AE17: +4(-2) Thru F | AF17: +4(-2) Thru F | AH17: Thru F | AI17: 4 | AJ17: +4 | AK17: +4(+4) Thru F | AL17: +4(+4) Thru F | AM17: 18 | AN17: 12 | AO17: 4.6 | AP17: 7.6 | AR17: https://lh3.googleusercontent.com/x0ix3S7bpMOabPeZRXBg0nEImQtplRA1q3eQ8YUWtTOrF32DwhWCDhQ3GjiBI9rmOrAex1Cfa2vMCJY0SjO4ABjsKMOu0ohQfugUsj4BA3XXuqHI_oH6zc7pKasqpWzBfn4M9CJ-zDffT4pfvdokIeu20pNTpJ4N6wHzYeyTpjhI9T6BsAA20CZfJ2g_c0QQZBG1wXoAmw-BRe2R48tVePkuLMOm5Zow2wPA-GfbVYz4dsl7Lq5gYz5Vq8js3ZjUXQgCeps_W-_xyMvjg3FPvbKFa5Cp6xrhYfKXE8Pq7hpofwuchGM6jim3yis0NcalLFBa8c70PSRcJJRmz7RPakSpqXfihxuvIUkpsftCOtPZtwX4tGKTBNnq4Q-fryTV80RL4V1RYhomZIAnNtBR3mTTOJiXLC_FXj8y_CmpD-pFvMIsT1nuc2qLW-FUjpQiZ9IKyAQmgwVPYT-IiLX-MYxrO5lyz5y-YX_brmFrtR5vPPVlAoSW2TB42e7ga_0oQQGC_cn28wG-aLU8HsV3qZg7OJ3VvblsTtpn7x0JJxM1t9ixP4RdDO4Gch7dh6ud_xDdop8_chrGk5SEVh_lT2XHT4iLIPsUo24PeHL_Ik6fCRx3Srv8_mYqftJqii2onn6HybEUOAIlBZgu38gDxLjc9_yfxTYSCjgNSp8zFw5tpj9LH5h0-6I=w116-h103-no | AS17: http://ncrdb.usga.org/ | AT17: 77 | AU17: Me | AW17: 3 | AX17: 18 | AZ17: Robby Dewling | BA17: St. Andrew’s - New Course - Yellow (18 Holes)
A18: George Lane | D18: Y | E18: 10.7 | F18: St. Andrew’s - New Course - Yellow (18 Holes) | G18: 70.6 | H18: 125 | I18: 80 | J18: 18 | K18: 71 | L18: 80 | M18: -2 | N18: 82 | O18: 9 | P18: 9 | Q18: -2 | R18: M | S18: https://firebasestorage.googleapis.com/v0/b/glide-prod.appspot.com/o/img-uploads%2FGNXfNUSV91nct3RVn9zd%2Fb607eb.jpeg?alt=media | T18: gmlane@gmail.com | U18: 45888.905 | V18: 8/19/25 - 9:43 PM | W18: 45888.905 | X18: Tue 8/19 - 9:43 PM | Y18: ea60d5d2-19e3-4de4-b7c1-59ade687a586 | AC18: George Lane | AE18: +9(-2) Thru F | AF18: +9(-2) Thru F | AH18: Thru F | AI18: 9 | AJ18: +9 | AK18: +9(+9) Thru F | AL18: +9(+9) Thru F | AM18: 18 | AN18: 12 | AO18: 7.6 | AP18: 5.6 | AR18: https://lh3.googleusercontent.com/x0ix3S7bpMOabPeZRXBg0nEImQtplRA1q3eQ8YUWtTOrF32DwhWCDhQ3GjiBI9rmOrAex1Cfa2vMCJY0SjO4ABjsKMOu0ohQfugUsj4BA3XXuqHI_oH6zc7pKasqpWzBfn4M9CJ-zDffT4pfvdokIeu20pNTpJ4N6wHzYeyTpjhI9T6BsAA20CZfJ2g_c0QQZBG1wXoAmw-BRe2R48tVePkuLMOm5Zow2wPA-GfbVYz4dsl7Lq5gYz5Vq8js3ZjUXQgCeps_W-_xyMvjg3FPvbKFa5Cp6xrhYfKXE8Pq7hpofwuchGM6jim3yis0NcalLFBa8c70PSRcJJRmz7RPakSpqXfihxuvIUkpsftCOtPZtwX4tGKTBNnq4Q-fryTV80RL4V1RYhomZIAnNtBR3mTTOJiXLC_FXj8y_CmpD-pFvMIsT1nuc2qLW-FUjpQiZ9IKyAQmgwVPYT-IiLX-MYxrO5lyz5y-YX_brmFrtR5vPPVlAoSW2TB42e7ga_0oQQGC_cn28wG-aLU8HsV3qZg7OJ3VvblsTtpn7x0JJxM1t9ixP4RdDO4Gch7dh6ud_xDdop8_chrGk5SEVh_lT2XHT4iLIPsUo24PeHL_Ik6fCRx3Srv8_mYqftJqii2onn6HybEUOAIlBZgu38gDxLjc9_yfxTYSCjgNSp8zFw5tpj9LH5h0-6I=w116-h103-no | AS18: http://ncrdb.usga.org/ | AT18: 82 | AU18: Me | AW18: 3 | AX18: 18 | AZ18: George Lane | BA18: St. Andrew’s - New Course - Yellow (18 Holes)
A19: Ashby Foltz | D19: Y | E19: 17.8 | F19: St. Andrew’s - New Course - Yellow (18 Holes) | G19: 70.6 | H19: 125 | I19: 97 | J19: 18 | K19: 71 | L19: 97 | M19: 8 | N19: 89 | O19: 26 | P19: 26 | Q19: 8 | R19: M | S19: https://minervatour.files.wordpress.com/2019/10/img_5277.jpg | T19: gmlane@gmail.com | U19: 45888.906 | V19: 8/19/25 - 9:44 PM | X19: Sat 12/30 - 12:00 AM | Y19: 937e14d2-a1ba-4e3c-9d8e-9228c2b1f89d | AC19: George Lane | AE19: +26(+8) Thru F | AF19: +26(+8) Thru F | AH19: Thru F | AI19: 26 | AJ19: +26 | AK19: +26(+26) Thru F | AL19: +26(+26) Thru F | AM19: 18 | AN19: 12 | AO19: 5.6 | AP19: 3.6 | AR19: https://lh3.googleusercontent.com/mwzfWboHuX08dPbEgEhoSj8FGRPFt6dI3Hih5DWbYLezU-_QVwYCc5as8_zGrlMKvTKhj-vQ2s-Z9O6BAEaVMdu3DULUGVRmE3FNnWyNsQuOKEJHWcp5Ym0D1yAMXwwDhCAwNdPYlGcSQ3xto67QiOPS7UbiMcFvAnQggvZmZSSxYAD54-nIBhiHPMHNr3kkOJOpLZJgmeFy1wmKWQuWjidx3qWoZfciG_x1ptiNwvo_6gnp47wT3Iz_-j6ebOw4b6TPwm5oNY2LmNyZGxmh3cYFAfhULAzgg55TPdWozlIg_gB6mv9bAwHyhE9l3_0XD6RX-avIDZHkPc1K34PDxmUW5ZF2ySeYTz-5srLjIwYNg8YI9k_poBeHVBTfDjOpKDbEVFry4_7bicelGuRiQ07hshMTs4VufYdMp5U0nZMy8D3aBYfIMoYOupxOEgDv7YXE9tw7ziULjOH1C--cPLL3tCGc04CltlDrIKwS6IK-zzg7758ZEHy33gJ1X7-XpAvWKrzg6y3yJZb3Hj8KVLC5KllQL8I-VZy4zzhmC0rCMb3A-dY5QsYtw30p9Vo5Rkftn9y_Mu2K3-BnPfMk366SDwNAxMY9wbg78paAHwVm8xVzsYJY-pLFpD-qGgiCMxxE7DB_P5JO5cgW-HZTiTd_limy5XIxof9rzrxnHjgPV47T6JanQCc=w116-h103-no | AS19: http://ncrdb.usga.org/ | AT19: 89 | AU19: Other Member | AV19: Ashby Foltz | AW19: 3 | AX19: 18 | AZ19: Ashby Foltz | BA19: St. Andrew’s - New Course - Yellow (18 Holes)
A20: Bobby Ross | D20: Y | E20: 16.2 | F20: St. Andrew’s - New Course - Yellow (18 Holes) | G20: 70.6 | H20: 125 | I20: 95 | J20: 18 | K20: 71 | L20: 95 | M20: 7 | N20: 88 | O20: 24 | P20: 24 | Q20: 7 | R20: M | S20: https://firebasestorage.googleapis.com/v0/b/glide-prod.appspot.com/o/img-uploads%2FGNXfNUSV91nct3RVn9zd%2F7ede3f.jpeg?alt=media | T20: rdewling@gmail.com | U20: 45888.909 | V20: 8/19/25 - 9:49 PM | X20: Sat 12/30 - 12:00 AM | Y20: d12945e9-7f3c-4664-b2d0-545e5307c482 | AC20: Robby Dewling | AE20: +24(+7) Thru F | AF20: +24(+7) Thru F | AH20: Thru F | AI20: 24 | AJ20: +24 | AK20: +24(+24) Thru F | AL20: +24(+24) Thru F | AM20: 18 | AN20: 12 | AO20: 3.6 | AP20: 0.6 | AR20: https://lh3.googleusercontent.com/s0I2GHIWa-qPdvl-BGseLVUkyx3UelIkqGC2O8P-wkBIhAsQl1HMR8KsRcCbzsATJ4EkWyJbrMtvDBng6KLJ3GC3hmJyjxLEQKZwdWjunWlsu_Q7sCzvUWx891xSFa_lpfDvU060hG0KgaV-6K_IVcv3d_NsrPTil13l4jWE9zb0tDW0_IELsbkGHJ3mmA9_NbkBT3FuEtIcstEScyMGxMmLy6Pbhy727rOrZ0ca8_C90PFaR1YoLcId5LXrHYAIRKCuqzha2MvvadBWR5hJ_zkTIWClkBZSwydcWLdY0LXdoEBA89ANikv6XU5IcQ8DIJHlCzKb-7ncnn-6zovGWvI4vbewyu1W6iiAS1CZ3uXlAiybxqsBbTh_xbcLbLek8RTYxyvOIvLwrklWnvWR9XWXgLufR_7i6rFgS8WlW0EEZT12yMZmz7kS5IMDoBMDvf3pjY0replPA11agPQw6xKuD7fusQLn9NEd4vOizn08tAAjtdeLNttEkRrymbEkNe-aNz83_o1lXk2iOIuL8_0vgkX0nTwtZa-Ac9nP-zanLlcMJuBv2-xI2HyG3V9cphPPQKvSvXuDVJoxJvd6cQOvIXhSpK8DaLt9sPcu4-QCeufLoFh6_IsodWzYsUQihzcMs3CMVNbub-eLXqkpu2hNVf4ZbEMwSag2z4LYbxJvqn3JkU1GhFI=w116-h103-no | AS20: http://ncrdb.usga.org/ | AT20: 88 | AU20: Other Member | AV20: Bobby Ross | AW20: 3 | AX20: 18 | AZ20: Bobby Ross | BA20: St. Andrew’s - New Course - Yellow (18 Holes)
A21: Cory Arnwine | D21: Y | E21: 14.5 | F21: Gullane #2 - Yellow (18 Holes) | G21: 69.3 | H21: 122 | I21: 103 | J21: 18 | K21: 71 | L21: 103 | M21: 19 | N21: 84 | O21: 34 | P21: 34 | Q21: 19 | R21: M | S21: https://storage.googleapis.com/glide-prod.appspot.com/uploads-v2/GNXfNUSV91nct3RVn9zd/pub/ZVOcGslXfVNwGSOfc3Rm.jpeg | T21: carnwine@gmail.com | U21: 45889.552 | V21: 8/20/25 - 1:15 PM | X21: Sat 12/30 - 12:00 AM | Y21: ea49eb99-e164-4f90-95b2-0152d8417842 | AC21: Cory Arnwine | AE21: +32(+19) Thru F | AF21: +32(+19) Thru F | AH21: Thru F | AI21: 32 | AJ21: +32 | AK21: +32(+34) Thru F | AL21: +32(+34) Thru F | AM21: 18 | AN21: 12 | AO21: 10.6 | AP21: 4.6 | AR21: https://lh3.googleusercontent.com/RH_kLfxOD7-oACYVWb_nCAPbk_Fpdp4p9bvFtxHQaJ-OSfhinw72uSIlu_abwGWOw5oQPECD-nNrDFWjA7iCC2wzDdAOujyCWtgDM1h51k_1Pqm5uazH4OXkNfuQDYpJ1cv9B1kO-JulDLTB3jFHBltqbV5dbXTkqAppCnhTJ55VLeSkYTf05Ni3EOdzBaHEZXw4dBrgcXTwopu1zQJbWx5gNYyqENDKdlAbsStGU1MHWJm4jrHtLvcfYIlAgWvA5KM-Ov4uuVopYZmNx05lqRLlfAkKbVE-uTVotePo5vpRi1Yu8C8AHSPar0RQBryU3B9_IxqNwlwCYeoJ85FGhyEHH4GRRgRteEdhPVQaKSizBbIYsHa5gu0LSZ0Y94zURXgO_V_yjx4sqzehaX4NQsp6xRlhyXrs4SMJYp4wyfd2KOvduxoxdz80gqeH8-bTw6NVsmX4A65wGOtaTwgvEAaiqqSQcWN5KBmr-mTVEt4nY5IuTwZL6HPumqwIPZzAJkwCs-OUkFIPmWp-wBVjHthEOJJAPEQ5YbrXr4GOfbY0YVVmMQojaumNFGyfwsUtPifDV4HESnVKJd9i3sbkUqaltQwd8DqKdAQNDUrIUbEnUUne6h6_Idz-OUWlfl3Z0IyRE1NYCCg6MoBcII8AAr0nJGMsWR3d1frDFu-2G7mNvZ935Quc7nY=w116-h103-no | AS21: http://ncrdb.usga.org/ | AT21: 84 | AU21: Me | AW21: 3 | AX21: 18 | AZ21: Cory Arnwine | BA21: Gullane #2 - Yellow (18 Holes)
A22: Robby Dewling | D22: Y | E22: 6.1 | F22: Gullane #2 - Yellow (18 Holes) | G22: 69.3 | H22: 122 | I22: 76 | J22: 18 | K22: 71 | L22: 76 | M22: 0 | N22: 76 | O22: 7 | P22: 7 | Q22: 0 | R22: M | S22: https://storage.googleapis.com/glide-prod.appspot.com/uploads-v2/GNXfNUSV91nct3RVn9zd/pub/wD9y0NT35v2ch7ZEGxQP.jpeg | T22: carnwine@gmail.com | U22: 45889.553 | V22: 8/20/25 - 1:16 PM | X22: Sat 12/30 - 12:00 AM | Y22: 5ed9dfba-e197-4d48-ab20-f880910f8f27 | AC22: Cory Arnwine | AE22: +5(E) Thru F | AF22: +5(E) Thru F | AH22: Thru F | AI22: 5 | AJ22: +5 | AK22: +5(+7) Thru F | AL22: +5(+7) Thru F | AM22: 18 | AN22: 12 | AO22: 4.6 | AP22: 7.6 | AR22: https://lh3.googleusercontent.com/QG1aIdUSDImQrtI7DLJap9XYjNgx1ajuEgWzl3ZzKARNR-Un6cFp8Ko63sAVuUxXlh4ZYSu0T2akQQx-nI67usFPhS5dUYuNQX9jUMcjHQM2eevGXkV-1DKg_rbxlAikK6qn3nwYPk_3a27vEVc9canRX5mn5he1Dmpp5EL_y2Gi6am3kH1684HbQxXxIUvmadxjo0TDdZs3nnf9mQwJ16rdspybKV3vpKhVG8JSDW1icF0wTm03Ij3p6WAkBLoqo_jFarA1aF57xrTfT1AVJYqzgGK2wTFV365k422dvYgqHCTUXOaq8iKHCuOefKL0IOLvncPkxzl2n0CpPhNSHUTO9RNhwD3GW7IFWvtNlz0JcqIs4PTZgL0iTWc0am6OuQmd4n2DoGQax3Dzj--xva-dHRPN3gJs8DydnfAPDIR5Pqtfbk7-uSYZBruJhUJuJG0Ywdw5UessTrsvaBgNBDEKXVTVOn5bjOZDz9Kw4_eGZRyB4Wbcgv9Sn5VVDqPkxY1jY198gZMbXKvVJBLSYiecla7ZYVAOf6-yrp7kq1V_iF4P94TCMChogvb-DspOheh8bokK-yom_eftavFt5XYmZ7aAERT-k4EnBPmdK2TK2BAA6IA4oyk8P-1-qToCuWQw_dFPjaxrTN5fED4miEd9r7NptJgpaQTwXG3X2GHkw4p6LqaUvm8=w116-h103-no | AS22: http://ncrdb.usga.org/ | AT22: 76 | AU22: Other Member | AV22: Robby Dewling | AW22: 3 | AX22: 18 | AZ22: Robby Dewling | BA22: Gullane #2 - Yellow (18 Holes)
A23: George Lane | D23: Y | E23: 10.7 | F23: Gullane #2 - Yellow (18 Holes) | G23: 69.3 | H23: 122 | I23: 76 | J23: 18 | K23: 71 | L23: 76 | M23: -4 | N23: 80 | O23: 7 | P23: 7 | Q23: -4 | R23: M | S23: https://firebasestorage.googleapis.com/v0/b/glide-prod.appspot.com/o/img-uploads%2FGNXfNUSV91nct3RVn9zd%2Fb607eb.jpeg?alt=media | T23: carnwine@gmail.com | U23: 45889.553 | V23: 8/20/25 - 1:16 PM | X23: Sat 12/30 - 12:00 AM | Y23: 2d80a484-99b3-489a-9dd2-269c7447bd5f | AC23: Cory Arnwine | AE23: +5(-4) Thru F | AF23: +5(-4) Thru F | AH23: Thru F | AI23: 5 | AJ23: +5 | AK23: +5(+7) Thru F | AL23: +5(+7) Thru F | AM23: 18 | AN23: 12 | AO23: 7.6 | AP23: 5.6 | AR23: https://lh3.googleusercontent.com/nm1UICpOwowR9uSM_FVlFGQvmIThvdr_Mwl_rEqO_qHeHrPy-Y6ab_Jw8cafEQP7g50Flf2bWgB9XznPDVvGnuD8_hlmZqLu118Q8EDJA_n-QYye_DWVnIakp5mqPpUl9yvoPuApLKk3uM1dYkSQ33Jg566F0PFaytMF6OnBe_IHT1_xUYcPx4niqQV_mESSzRqRRNXgNFduUauy08qwkAJG0hdT698hSjufnHL0U2ijB8tHTbTGA4Owp6IEUnA6pfZHGN0ZryWv2gZfn5loW5HxqRDmsFyB_EgI8gviaKcTtv6gAl_-910oMyTJwgy855VKXi0BlDzUiSfGiq7RLd3yWyycPUZoTEywp8LK_xRPTr19MST-ZlJgNt3JHsPRq0bA8UZcd2MFOnyQL1uru6ZkO9vwf9DfVQGWKVNLCWzwFnle3MEdsgZhmyj4JjQgWPIy6IYEYdfqWBHLLNcznVnNTBM3dNa1oGGfNdGzopi-7vMvjZM9_ZH2kdYWfWVPWc85XXPXSWPMsLV67c0oGj2pbJYIH8sgyJdmaOnPlsXVsk32jTqAGlcjohtBoqEzlHH-0wnkC8_F1sOn2qVYVguqpop7b9Sb5jGnKFYsZG_bOMJVNbcyyQJ4fEoH7B6T86RdR78vqbAf-sS2gss3Oof7NlL0gXzeCSmax2MwsehA3h72N5NYp9E=w116-h103-no | AS23: http://ncrdb.usga.org/ | AT23: 80 | AU23: Other Member | AV23: George Lane | AW23: 3 | AX23: 18 | AZ23: George Lane | BA23: Gullane #2 - Yellow (18 Holes)
A24: Ashby Foltz | D24: Y | E24: 17.8 | F24: Gullane #2 - Yellow (18 Holes) | G24: 69.3 | H24: 122 | I24: 106 | J24: 18 | K24: 71 | L24: 106 | M24: 18 | N24: 88 | O24: 37 | P24: 37 | Q24: 18 | R24: M | S24: https://minervatour.files.wordpress.com/2019/10/img_5277.jpg | T24: carnwine@gmail.com | U24: 45889.554 | V24: 8/20/25 - 1:17 PM | X24: Sat 12/30 - 12:00 AM | Y24: b0397546-4a30-405c-aaca-4b6297fc02f5 | AC24: Cory Arnwine | AE24: +35(+18) Thru F | AF24: +35(+18) Thru F | AH24: Thru F | AI24: 35 | AJ24: +35 | AK24: +35(+37) Thru F | AL24: +35(+37) Thru F | AM24: 18 | AN24: 12 | AO24: 5.6 | AP24: 3.6 | AR24: https://lh3.googleusercontent.com/6AFr-fS0Ls6fnKfKN23w6OgrVMWFP-IA3kwTnCtnxvE8tSB5saQeN_WW8Flf49uMeDn0c9wkO2lv3AerCj7YEYnF5LEIS3RcU1joxAGrhE5hlopwRk1BtcN6GrMZAO1i0EmteELuUcxSUm3OVyPHmnvRL-YvRtfd5SssFkeQN3qXvNBh5aAohwA4repF4DYXM0HlOUkcw2rCDUQ1qwJgO0oWbVPLt_7ATijxGWgyXU9IlKgU-tRXXxbarU_WV10nu1-6ZKm2oFaNCscu7MONAN1LTAe2X7RHuZXlZ3jZPALFD624TsBGcwejbedyFe24Fk5g8k1PuKi9lTwKf-WcL7rFKzOiXuxWroEh0Xqtr1Vo5FpSiYsbBcqde6p_Gzeie3MNj7LRv3jjfgmXtqux4uHVehJ0zUJG-BXIBGb0FqCUgtfuAszu70BvtVnb7nArXwYS49x6KO05z06ghxQV0kTevkceQjQiC1H9V8-Vl3PMrUCaeBBmmseex9E0AGsusAfvFS7leIbChXovTatHkxfrGEUPD0wW9YdRLxSos8YCwx8Wn7n88l0YoC8as5aU25q63g879W0Vg67U9cVhcFZ-cGOMe_rdI_dun-czQKKfSDTiVDPs2aUlvEK-bJ2HHCVYOPxx0efNH62VNTjF0lFfkHWb0Ld7JCnRufnnbBCO4pB9sTIjeXM=w116-h103-no | AS24: http://ncrdb.usga.org/ | AT24: 88 | AU24: Other Member | AV24: Ashby Foltz | AW24: 3 | AX24: 18 | AZ24: Ashby Foltz | BA24: Gullane #2 - Yellow (18 Holes)
A25: Bobby Ross | D25: Y | E25: 16.2 | F25: Gullane #2 - Yellow (18 Holes) | G25: 69.3 | H25: 122 | I25: 92 | J25: 18 | K25: 71 | L25: 92 | M25: 6 | N25: 86 | O25: 23 | P25: 23 | Q25: 6 | R25: M | S25: https://firebasestorage.googleapis.com/v0/b/glide-prod.appspot.com/o/img-uploads%2FGNXfNUSV91nct3RVn9zd%2F7ede3f.jpeg?alt=media | T25: carnwine@gmail.com | U25: 45889.554 | V25: 8/20/25 - 1:17 PM | X25: Sat 12/30 - 12:00 AM | Y25: dbbd7bb0-0e10-4eb6-b729-40b6722753e5 | AC25: Cory Arnwine | AE25: +21(+6) Thru F | AF25: +21(+6) Thru F | AH25: Thru F | AI25: 21 | AJ25: +21 | AK25: +21(+23) Thru F | AL25: +21(+23) Thru F | AM25: 18 | AN25: 12 | AO25: 3.6 | AP25: 0.6 | AR25: https://lh3.googleusercontent.com/Gi7veismj6d99JVt7CQrjL0XTY-r5QRbgyXKckj4F2gupO4EAQeQawfhwK3671nOmSkDxfUGY3sagxYRSrxS4ZD1FNF6zc8P2axGqE7EBKRiAfn7aVVq7tqUieBE4jMdMdMDCbrpiP1JmyzVYdpNiUiG5aSIEYO4M1J_0ymq_YKvWWeGdfBGfk5Kf5k7X-IlDG2FhNMzPw7K0oi1vP5CMr5d1scyhhMEkwV0o_L3-dgG-4dpvwy2omZYIWjRKSSqcxRCcNe04H8dkTLZ7W47ZIL-3XPNI6RXID5cai4FbWkrhq94i7kkk6_B8uYAcVd61_8zfBH0DpBeryEoDnzjuzDj3BeZTavzyb8JBiUdalZKT6cQdoj-JN0Dycm01uT5VVaS6nz81JPy49BEhXJSREV53uq6ZGhECMsDGERamAsUSiMMDHi4Fsfe36LajOyFXsldFOBgN4Q7X5IC29SGRqL2FgEe2fu7XjEjy_YPkJd1AVc816_jKa4HjfA63dq9wBFgJAZFYZYY7OPfhhj5J7hdSrW6H4fAqPNcfC_eYV_cgQjzqZ4IgA8mKYQKyKNpYynZ3vFjKqKlfpaRVe8LqRkG6hoEJ6n94TVVueRRRxw0qTV9c04zmjlgzNO0AM4JO5Dk_b2t2C-EETotBzLQcGqvjQX8FL_lLYhdPlhO6LNdB58HNKEOcXJ_=w116-h103-no | AS25: http://ncrdb.usga.org/ | AT25: 86 | AU25: Other Member | AV25: Bobby Ross | AW25: 3 | AX25: 18 | AZ25: Bobby Ross | BA25: Gullane #2 - Yellow (18 Holes)
A26: Alex Edson | D26: Y | E26: 7.6 | F26: Gullane #2 - Yellow (18 Holes) | G26: 69.3 | H26: 122 | I26: 91 | J26: 18 | K26: 71 | L26: 91 | M26: 14 | N26: 77 | O26: 22 | P26: 22 | Q26: 14 | R26: M | S26: https://storage.googleapis.com/glide-prod.appspot.com/uploads-v2/GNXfNUSV91nct3RVn9zd/pub/MXbvc7EbvlbCRBjsPjcA.jpg | T26: carnwine@gmail.com | U26: 45889.554 | V26: 8/20/25 - 1:17 PM | X26: Sat 12/30 - 12:00 AM | Y26: 8bdfd483-8219-4eac-a82d-905fb9e6a0a8 | AC26: Cory Arnwine | AE26: +20(+14) Thru F | AF26: +20(+14) Thru F | AH26: Thru F | AI26: 20 | AJ26: +20 | AK26: +20(+22) Thru F | AL26: +20(+22) Thru F | AM26: 18 | AN26: 12 | AO26: 1 | AP26: 1.6 | AR26: https://lh3.googleusercontent.com/9nOlp5WehSBv53Zow5IqmL3oJlXmGUQFTlamtcw9UwippooNhWCOQKkxg1VLDEEQ-N85--CLMSoRGBUg45peEevQMq9gVJ4vs1EuVLb6zUW-NGDCogtkHNX3ZrkIrFvA7kVQppoU57NAZTC_BcEfzSWdp_RwWBoX4MjyRB99SXjWlb88P9MIIJVErfsnJo406eOrEZH9Ye89-yWTa6spGGQ539nD0UTF9YUmNPWJsM1GoEGNjHcjT4V8txboUjIe8Jb7abCwO4oiWSw7uzEX7K3pIyASVNlFmeFINhr2Ltw_T1djeVJ4KxwRGHHcs5n8G8f-pnfZlT2MJhmLaLLtMdHFiu4AOCRHPIjcsNsLoqF-ePQIHLP9Did5AnwGNs4g7Wi9Gc6SjpTpig8QfmwYHRKAWwqz1bzodEVE9LRzYOyySooFKryYxzcl-uHu7c0i55gdHaRd2_1cGKEGF4ha-YWmAT2V8-bIG32ZgrPWVw-sVfoxvVgUz-MtDYBy4yHLyFbmQ0jKvXKUhiEhKEuvGV1xdnhdGXBSMmID_LR6AEe4hSsJPSN5EBjFjPJ-JGq7gcWyfoWxVhPfPwQ7j-n3mYkUzQDzayr4-vRvmejxSP2KTQ0bskXsAMRL5fK_GdQMz9bSCS8uRLv6xPp0qma8WCAEB1wL7kxAQUUKykws9ejMWLKIfPAq_lo=w116-h103-no | AS26: http://ncrdb.usga.org/ | AT26: 77 | AU26: Other Member | AV26: Alex Edson | AW26: 3 | AX26: 18 | AZ26: Alex Edson | BA26: Gullane #2 - Yellow (18 Holes)
A27: Cory Arnwine | D27: Y | E27: 14.5 | F27: Gullane #1 - Yellow (18 Holes) | G27: 70.4 | H27: 122 | I27: 92 | J27: 18 | K27: 71 | L27: 92 | M27: 7 | N27: 85 | O27: 22 | P27: 22 | Q27: 7 | R27: M | S27: https://storage.googleapis.com/glide-prod.appspot.com/uploads-v2/GNXfNUSV91nct3RVn9zd/pub/ZVOcGslXfVNwGSOfc3Rm.jpeg | T27: carnwine@gmail.com | U27: 45889.799 | V27: 8/20/25 - 7:11 PM | X27: Sat 12/30 - 12:00 AM | Y27: d65c9b6e-c08f-4b43-88ab-ddf2fc655186 | AC27: Cory Arnwine | AE27: +21(+7) Thru F | AF27: +21(+7) Thru F | AH27: Thru F | AI27: 21 | AJ27: +21 | AK27: +21(+22) Thru F | AL27: +21(+22) Thru F | AM27: 18 | AN27: 12 | AO27: 10.6 | AP27: 4.6 | AR27: https://lh3.googleusercontent.com/s0I2GHIWa-qPdvl-BGseLVUkyx3UelIkqGC2O8P-wkBIhAsQl1HMR8KsRcCbzsATJ4EkWyJbrMtvDBng6KLJ3GC3hmJyjxLEQKZwdWjunWlsu_Q7sCzvUWx891xSFa_lpfDvU060hG0KgaV-6K_IVcv3d_NsrPTil13l4jWE9zb0tDW0_IELsbkGHJ3mmA9_NbkBT3FuEtIcstEScyMGxMmLy6Pbhy727rOrZ0ca8_C90PFaR1YoLcId5LXrHYAIRKCuqzha2MvvadBWR5hJ_zkTIWClkBZSwydcWLdY0LXdoEBA89ANikv6XU5IcQ8DIJHlCzKb-7ncnn-6zovGWvI4vbewyu1W6iiAS1CZ3uXlAiybxqsBbTh_xbcLbLek8RTYxyvOIvLwrklWnvWR9XWXgLufR_7i6rFgS8WlW0EEZT12yMZmz7kS5IMDoBMDvf3pjY0replPA11agPQw6xKuD7fusQLn9NEd4vOizn08tAAjtdeLNttEkRrymbEkNe-aNz83_o1lXk2iOIuL8_0vgkX0nTwtZa-Ac9nP-zanLlcMJuBv2-xI2HyG3V9cphPPQKvSvXuDVJoxJvd6cQOvIXhSpK8DaLt9sPcu4-QCeufLoFh6_IsodWzYsUQihzcMs3CMVNbub-eLXqkpu2hNVf4ZbEMwSag2z4LYbxJvqn3JkU1GhFI=w116-h103-no | AS27: http://ncrdb.usga.org/ | AT27: 85 | AU27: Me | AW27: 3 | AX27: 18 | AZ27: Cory Arnwine | BA27: Gullane #1 - Yellow (18 Holes)
A28: Robby Dewling | D28: Y | E28: 6.1 | F28: Gullane #1 - Yellow (18 Holes) | G28: 70.4 | H28: 122 | I28: 84 | J28: 18 | K28: 71 | L28: 84 | M28: 7 | N28: 77 | O28: 14 | P28: 14 | Q28: 7 | R28: M | S28: https://storage.googleapis.com/glide-prod.appspot.com/uploads-v2/GNXfNUSV91nct3RVn9zd/pub/wD9y0NT35v2ch7ZEGxQP.jpeg | T28: carnwine@gmail.com | U28: 45889.8 | V28: 8/20/25 - 7:11 PM | X28: Sat 12/30 - 12:00 AM | Y28: 35efdda8-598b-41a4-84a3-f9206c13fe16 | AC28: Cory Arnwine | AE28: +13(+7) Thru F | AF28: +13(+7) Thru F | AH28: Thru F | AI28: 13 | AJ28: +13 | AK28: +13(+14) Thru F | AL28: +13(+14) Thru F | AM28: 18 | AN28: 12 | AO28: 4.6 | AP28: 7.6 | AR28: https://lh3.googleusercontent.com/s0I2GHIWa-qPdvl-BGseLVUkyx3UelIkqGC2O8P-wkBIhAsQl1HMR8KsRcCbzsATJ4EkWyJbrMtvDBng6KLJ3GC3hmJyjxLEQKZwdWjunWlsu_Q7sCzvUWx891xSFa_lpfDvU060hG0KgaV-6K_IVcv3d_NsrPTil13l4jWE9zb0tDW0_IELsbkGHJ3mmA9_NbkBT3FuEtIcstEScyMGxMmLy6Pbhy727rOrZ0ca8_C90PFaR1YoLcId5LXrHYAIRKCuqzha2MvvadBWR5hJ_zkTIWClkBZSwydcWLdY0LXdoEBA89ANikv6XU5IcQ8DIJHlCzKb-7ncnn-6zovGWvI4vbewyu1W6iiAS1CZ3uXlAiybxqsBbTh_xbcLbLek8RTYxyvOIvLwrklWnvWR9XWXgLufR_7i6rFgS8WlW0EEZT12yMZmz7kS5IMDoBMDvf3pjY0replPA11agPQw6xKuD7fusQLn9NEd4vOizn08tAAjtdeLNttEkRrymbEkNe-aNz83_o1lXk2iOIuL8_0vgkX0nTwtZa-Ac9nP-zanLlcMJuBv2-xI2HyG3V9cphPPQKvSvXuDVJoxJvd6cQOvIXhSpK8DaLt9sPcu4-QCeufLoFh6_IsodWzYsUQihzcMs3CMVNbub-eLXqkpu2hNVf4ZbEMwSag2z4LYbxJvqn3JkU1GhFI=w116-h103-no | AS28: http://ncrdb.usga.org/ | AT28: 77 | AU28: Other Member | AV28: Robby Dewling | AW28: 3 | AX28: 18 | AZ28: Robby Dewling | BA28: Gullane #1 - Yellow (18 Holes)
A29: Bobby Ross | D29: Y | E29: 16.2 | F29: Gullane #1 - Yellow (18 Holes) | G29: 70.4 | H29: 122 | I29: 87 | J29: 18 | K29: 71 | L29: 87 | M29: 0 | N29: 87 | O29: 17 | P29: 17 | Q29: 0 | R29: M | S29: https://firebasestorage.googleapis.com/v0/b/glide-prod.appspot.com/o/img-uploads%2FGNXfNUSV91nct3RVn9zd%2F7ede3f.jpeg?alt=media | T29: carnwine@gmail.com | U29: 45889.8 | V29: 8/20/25 - 7:12 PM | X29: Sat 12/30 - 12:00 AM | Y29: 4af63be3-000b-458d-9fa2-b871d2dc65dd | AC29: Cory Arnwine | AE29: +16(E) Thru F | AF29: +16(E) Thru F | AH29: Thru F | AI29: 16 | AJ29: +16 | AK29: +16(+17) Thru F | AL29: +16(+17) Thru F | AM29: 18 | AN29: 12 | AO29: 3.6 | AP29: 0.6 | AR29: https://lh3.googleusercontent.com/QG1aIdUSDImQrtI7DLJap9XYjNgx1ajuEgWzl3ZzKARNR-Un6cFp8Ko63sAVuUxXlh4ZYSu0T2akQQx-nI67usFPhS5dUYuNQX9jUMcjHQM2eevGXkV-1DKg_rbxlAikK6qn3nwYPk_3a27vEVc9canRX5mn5he1Dmpp5EL_y2Gi6am3kH1684HbQxXxIUvmadxjo0TDdZs3nnf9mQwJ16rdspybKV3vpKhVG8JSDW1icF0wTm03Ij3p6WAkBLoqo_jFarA1aF57xrTfT1AVJYqzgGK2wTFV365k422dvYgqHCTUXOaq8iKHCuOefKL0IOLvncPkxzl2n0CpPhNSHUTO9RNhwD3GW7IFWvtNlz0JcqIs4PTZgL0iTWc0am6OuQmd4n2DoGQax3Dzj--xva-dHRPN3gJs8DydnfAPDIR5Pqtfbk7-uSYZBruJhUJuJG0Ywdw5UessTrsvaBgNBDEKXVTVOn5bjOZDz9Kw4_eGZRyB4Wbcgv9Sn5VVDqPkxY1jY198gZMbXKvVJBLSYiecla7ZYVAOf6-yrp7kq1V_iF4P94TCMChogvb-DspOheh8bokK-yom_eftavFt5XYmZ7aAERT-k4EnBPmdK2TK2BAA6IA4oyk8P-1-qToCuWQw_dFPjaxrTN5fED4miEd9r7NptJgpaQTwXG3X2GHkw4p6LqaUvm8=w116-h103-no | AS29: http://ncrdb.usga.org/ | AT29: 87 | AU29: Other Member | AV29: Bobby Ross | AW29: 3 | AX29: 18 | AZ29: Bobby Ross | BA29: Gullane #1 - Yellow (18 Holes)
A30: Ashby Foltz | D30: Y | E30: 17.8 | F30: Gullane #1 - Yellow (18 Holes) | G30: 70.4 | H30: 122 | I30: 91 | J30: 18 | K30: 71 | L30: 91 | M30: 2 | N30: 89 | O30: 21 | P30: 21 | Q30: 2 | R30: M | S30: https://minervatour.files.wordpress.com/2019/10/img_5277.jpg | T30: carnwine@gmail.com | U30: 45889.8 | V30: 8/20/25 - 7:12 PM | X30: Sat 12/30 - 12:00 AM | Y30: 62c37b09-3439-4e1c-a15a-ea8881b9f0db | AC30: Cory Arnwine | AE30: +20(+2) Thru F | AF30: +20(+2) Thru F | AH30: Thru F | AI30: 20 | AJ30: +20 | AK30: +20(+21) Thru F | AL30: +20(+21) Thru F | AM30: 18 | AN30: 12 | AO30: 5.6 | AP30: 3.6 | AR30: https://lh3.googleusercontent.com/wXx5aO2MitxNB5djH3t6tQ5qanOQLB2REHjUtBXGFtgKXmXD03ezp4rgby-1tFUVAbse9f5ScSZc71nI0g2qCi9Cay7PKhEa4e-mLVWXYYeEkid4MqrRFAXwCst3P7k3GyJlEHagAc8rXRTdDMFGIXw0hhNh4Je8M2JpPcS7qyIgNoZ3IlJnPAB2jLcF3zP9RlXtPhRQ-Ly9FS6J_7L0Bh5sivSzUWCz9ILpGMRfP6sbKpzOHK2aZn1-uipLAWuulVv9j9wpHxAcvmYUpeI6Dl9n59qOzkMea9ED25YlCpn1S-kj_tFs_7USxkTlld-i6qmYqpCj_o5pCdNYE7Rcn5bRf9AnJkbbQR9s7M1ZsoMqi2w4yzhJ8WumUWLRy_A_AQdM7EYNQZJCep-bPyg-ejqMNxmoT1Zrbx-1C_cvrCe5T4nbJF1Z1reiCyC_CgR37Uvt8kPfBtRdXWZxsb-mXFwT7mdtj9H8ohmAuM2oCm8Jwat1fpkhpFrmRcrYodWAJZx6xAmGHTsekpFV40Fvr1gFOwdn90bDuHofViSoepYiaq1WLK8o6sEEn0ATIOVCxZjl1UdhC6U22GMeChfJfJ8BPL_EsESYmE3wHMNdKTHzG1g0BYS9Xu1jfdG8PxNq9U1Vm3GU6R6hHUaELyw_YObN0SSPkgpH8esf4k1583EbAA2A9W4ONStn=w116-h102-no | AS30: http://ncrdb.usga.org/ | AT30: 89 | AU30: Other Member | AV30: Ashby Foltz | AW30: 3 | AX30: 18 | AZ30: Ashby Foltz | BA30: Gullane #1 - Yellow (18 Holes)
A31: Alex Edson | D31: Y | E31: 7.6 | F31: Gullane #1 - Yellow (18 Holes) | G31: 70.4 | H31: 122 | I31: 86 | J31: 18 | K31: 71 | L31: 86 | M31: 8 | N31: 78 | O31: 16 | P31: 16 | Q31: 8 | R31: M | S31: https://storage.googleapis.com/glide-prod.appspot.com/uploads-v2/GNXfNUSV91nct3RVn9zd/pub/MXbvc7EbvlbCRBjsPjcA.jpg | T31: carnwine@gmail.com | U31: 45889.8 | V31: 8/20/25 - 7:12 PM | X31: Sat 12/30 - 12:00 AM | Y31: 489524ec-91bd-407b-8ccb-e9bb215d9b33 | AC31: Cory Arnwine | AE31: +15(+8) Thru F | AF31: +15(+8) Thru F | AH31: Thru F | AI31: 15 | AJ31: +15 | AK31: +15(+16) Thru F | AL31: +15(+16) Thru F | AM31: 18 | AN31: 12 | AO31: 1 | AP31: 1.6 | AR31: https://lh3.googleusercontent.com/mwzfWboHuX08dPbEgEhoSj8FGRPFt6dI3Hih5DWbYLezU-_QVwYCc5as8_zGrlMKvTKhj-vQ2s-Z9O6BAEaVMdu3DULUGVRmE3FNnWyNsQuOKEJHWcp5Ym0D1yAMXwwDhCAwNdPYlGcSQ3xto67QiOPS7UbiMcFvAnQggvZmZSSxYAD54-nIBhiHPMHNr3kkOJOpLZJgmeFy1wmKWQuWjidx3qWoZfciG_x1ptiNwvo_6gnp47wT3Iz_-j6ebOw4b6TPwm5oNY2LmNyZGxmh3cYFAfhULAzgg55TPdWozlIg_gB6mv9bAwHyhE9l3_0XD6RX-avIDZHkPc1K34PDxmUW5ZF2ySeYTz-5srLjIwYNg8YI9k_poBeHVBTfDjOpKDbEVFry4_7bicelGuRiQ07hshMTs4VufYdMp5U0nZMy8D3aBYfIMoYOupxOEgDv7YXE9tw7ziULjOH1C--cPLL3tCGc04CltlDrIKwS6IK-zzg7758ZEHy33gJ1X7-XpAvWKrzg6y3yJZb3Hj8KVLC5KllQL8I-VZy4zzhmC0rCMb3A-dY5QsYtw30p9Vo5Rkftn9y_Mu2K3-BnPfMk366SDwNAxMY9wbg78paAHwVm8xVzsYJY-pLFpD-qGgiCMxxE7DB_P5JO5cgW-HZTiTd_limy5XIxof9rzrxnHjgPV47T6JanQCc=w116-h103-no | AS31: http://ncrdb.usga.org/ | AT31: 78 | AU31: Other Member | AV31: Alex Edson | AW31: 3 | AX31: 18 | AZ31: Alex Edson | BA31: Gullane #1 - Yellow (18 Holes)
A32: George Lane | D32: Y | E32: 10.7 | F32: Gullane #1 - Yellow (18 Holes) | G32: 70.4 | H32: 122 | I32: 86 | J32: 18 | K32: 71 | L32: 86 | M32: 5 | N32: 81 | O32: 16 | P32: 16 | Q32: 5 | R32: M | S32: https://firebasestorage.googleapis.com/v0/b/glide-prod.appspot.com/o/img-uploads%2FGNXfNUSV91nct3RVn9zd%2Fb607eb.jpeg?alt=media | T32: carnwine@gmail.com | U32: 45889.801 | V32: 8/20/25 - 7:13 PM | X32: Sat 12/30 - 12:00 AM | Y32: 9ad68ae7-d930-471a-aaf3-81ce130a423b | AC32: Cory Arnwine | AE32: +15(+5) Thru F | AF32: +15(+5) Thru F | AH32: Thru F | AI32: 15 | AJ32: +15 | AK32: +15(+16) Thru F | AL32: +15(+16) Thru F | AM32: 18 | AN32: 12 | AO32: 7.6 | AP32: 5.6 | AR32: https://lh3.googleusercontent.com/Xq4CqLEu4NPhnQxopkOXNzg87Nk34O-TjIWjI8Y1j4C8dyEigSztrK3jQDfs0WLALBvNE_E9HUwKPmhv16d1aWeulgQNe6Nt2lMAvlFB_maKj9Lx37DeWQcB-ChkZqIw0jW9_OWuPS2ZDGPjNqozmKH_-zH5zrCbgseJByRYFJAJhnFI-Mk3WcFjmvsEHa_fLl0pgiBbvlhHHGZ9jhFbouJEUdq5WHNFMlgzUqneLZvbYZoEKSZ_IVLL64ppz2M4_DRu2bRjVEtU_DhT4DaSruv2nLHsucbH6sn3ETcFjQ3WSt6CKmz8im-UK0NI3fo02YoVRsRN5W7PnwQQbNIStnEqwvYnfeB4-OsuJuAK2I5GV9MTyGcnJEMBCi9hq9v_zHXBZkNBPqWm8bjsnL5gqkcb3stAZxdg_O8PqSfIKFv5KSkR71g6YKe6HgY8XtBN2Yho4agxCsSjcCNSlRZsliwoML69lGqJeSnmMGrJ3hYu45AFKRY5rFEhhid_ageQRbnfXDnp9_g6T-hg3_lRRTdXAFpZYNc6mwahxHJOGzoMzy3XgTVWrVP8Q2ABDEGxsvpJPw8Jm7wCN-Uk48pcETE5GwBYTZggp6Gw5MHS9yl8lKTVyGwXcAPW-BM-itteOyPe2fmyKYc2H5WrIezXN3biW8H27GXS4SZRYRoKw828zmbjSsamVTZT=w116-h102-no | AS32: http://ncrdb.usga.org/ | AT32: 81 | AU32: Other Member | AV32: George Lane | AW32: 3 | AX32: 18 | AZ32: George Lane | BA32: Gullane #1 - Yellow (18 Holes)
A33: Grady Bunn | D33: Y | E33: 13.5 | F33: Gullane #1 - Yellow (18 Holes) | G33: 70.4 | H33: 122 | I33: 91 | J33: 18 | K33: 71 | L33: 91 | M33: 7 | N33: 84 | O33: 21 | P33: 21 | Q33: 7 | R33: M | S33: https://lh3.googleusercontent.com/gQ_FaH2AF_jSJxRNubfcwX3XqG6dcE7KFTHqzUDgdA65lfy57Xnyo2e7D9_ADkXMZDwDprlQ0N8SlSm05CAfkEcLacfWCA0iqKpi5-HBqfCMD3rKMs77CSSzBgDIJPtHWC8lCOtteTiqTljHAcT1-cFtDPSLAC6ryzrYmGoAoI5BlvKRScFk1OMxT2Bz7pWyjn7fkq5GBrAkO1IuaNMgVljRyHjVn3j4j-oL8pGhycJUFlz1nuyea1eDCSU4IwYOfCGfLzodUa4OwrJmuf6CodGiJCB5VR6MYxBUylhMQYa5E-KczOv0t11ByK7uOpvrKtoTdi3tqJvaWgVC0nTYAMlVv7e5sH6_p8vg7h41LS898KW48eXRhJFrAGO2OzZeiy-xOyfD6hxeZ0flReFuhDSrrxF-X-EOf3dMk0FFIcO3TMNC2dzAGzhmpOUwNWKPidDdV_0I2k3dvG7Dguy5auAKUDTJgjgpetzcK5KElhRL-ZdNA6s39BoQgHpB7hsJsw2DZfT2_4ftVj4a-CN6iJdHTdb8QMjIAzCxDiUFlaDUXPHsUo1O8mt6ISJfruKOjsoClx4lDsa_J3M6Bu6h6rojA-_Vu7bbIWAGYFOafxWG3Xq9cqTcI2DGtkLFQg646TzUbrVkNyEGW0xTZxdRUKl7re6bW-F9JbDnigcq-d1XKLtY6P-l7sKdDxo9e-Q9nxMbMaItT4Bio7fNSvFa8gUDuTD_WHt9rtrljgqiOhmxX6Gr=w1250-h937-no | T33: carnwine@gmail.com | U33: 45889.801 | V33: 8/20/25 - 7:13 PM | X33: Sat 12/30 - 12:00 AM | Y33: 701b8ff3-9ca2-44ad-8785-6e25b688594e | AC33: Cory Arnwine | AE33: +20(+7) Thru F | AF33: +20(+7) Thru F | AH33: Thru F | AI33: 20 | AJ33: +20 | AK33: +20(+21) Thru F | AL33: +20(+21) Thru F | AM33: 18 | AN33: 12 | AO33: 2.6 | AP33: 2.6 | AR33: https://lh3.googleusercontent.com/s0I2GHIWa-qPdvl-BGseLVUkyx3UelIkqGC2O8P-wkBIhAsQl1HMR8KsRcCbzsATJ4EkWyJbrMtvDBng6KLJ3GC3hmJyjxLEQKZwdWjunWlsu_Q7sCzvUWx891xSFa_lpfDvU060hG0KgaV-6K_IVcv3d_NsrPTil13l4jWE9zb0tDW0_IELsbkGHJ3mmA9_NbkBT3FuEtIcstEScyMGxMmLy6Pbhy727rOrZ0ca8_C90PFaR1YoLcId5LXrHYAIRKCuqzha2MvvadBWR5hJ_zkTIWClkBZSwydcWLdY0LXdoEBA89ANikv6XU5IcQ8DIJHlCzKb-7ncnn-6zovGWvI4vbewyu1W6iiAS1CZ3uXlAiybxqsBbTh_xbcLbLek8RTYxyvOIvLwrklWnvWR9XWXgLufR_7i6rFgS8WlW0EEZT12yMZmz7kS5IMDoBMDvf3pjY0replPA11agPQw6xKuD7fusQLn9NEd4vOizn08tAAjtdeLNttEkRrymbEkNe-aNz83_o1lXk2iOIuL8_0vgkX0nTwtZa-Ac9nP-zanLlcMJuBv2-xI2HyG3V9cphPPQKvSvXuDVJoxJvd6cQOvIXhSpK8DaLt9sPcu4-QCeufLoFh6_IsodWzYsUQihzcMs3CMVNbub-eLXqkpu2hNVf4ZbEMwSag2z4LYbxJvqn3JkU1GhFI=w116-h103-no | AS33: http://ncrdb.usga.org/ | AT33: 84 | AU33: Other Member | AV33: Grady Bunn | AW33: 3 | AX33: 18 | AZ33: Grady Bunn | BA33: Gullane #1 - Yellow (18 Holes)
A34: Cory Arnwine | D34: Y | E34: 14.5 | F34: Crail - Craighead - Yellow (18 Holes) | G34: 70.8 | H34: 130 | I34: 90 | J34: 18 | K34: 72 | L34: 90 | M34: 3 | N34: 87 | O34: 19 | P34: 19 | Q34: 3 | R34: M | S34: https://storage.googleapis.com/glide-prod.appspot.com/uploads-v2/GNXfNUSV91nct3RVn9zd/pub/ZVOcGslXfVNwGSOfc3Rm.jpeg | T34: carnwine@gmail.com | U34: 45890.607 | V34: 8/21/25 - 2:34 PM | X34: Sat 12/30 - 12:00 AM | Y34: 3dd4547d-a7b5-427c-921b-95e5cb168310 | AC34: Cory Arnwine | AE34: +18(+3) Thru F | AF34: +18(+3) Thru F | AH34: Thru F | AI34: 18 | AJ34: +18 | AK34: +18(+19) Thru F | AL34: +18(+19) Thru F | AM34: 18 | AN34: 12 | AO34: 10.6 | AP34: 4.6 | AR34: https://lh3.googleusercontent.com/JjATGugKKHpWtvwGvmGIV3t7kFTXRhkQT7zW4KIZ6R1WW7eHipi1JdFJ5PmD2vrH0D9Dp8lJ9aX7x_2Gc2-D5lrJfeEXepLUmf1WVz3Dju2D3Zd6FZlN7cE22zgpWkUc4iPL77TnSLfWuJ2rIHjqLn-3gjxwVd1kGIlIQl9UN4AeMYs0uS1YRa-WQhAT-M6NdxmBky1_PHnO7nN0wdgcSdcDIjjxRIHfeN7FC5IVI-CaTUsqZokK5vidAti-IvIyG8Uw2kk6IOGp5oKh0EPj2ADkyN-1CmeKU8aieyUk-V0845Ck4wUKJteWI91073AdhFGmgxKd3Hjlzc-Np-Ge9r61-1x6NJEbBVXj8AKpITPSbByhbGPg8h93yIYEReSvf0PxXhKqrj7g8HLQ07Lo07glkkfGx1LDLeiUg8UBKPSl7t9HLDKbutD525SYdw_2zhaF9qWFmpNn42yQuXgB2Mka_wdZP-XekipNSSvE7qz4Z5jDHt8OTmVwbW_Q4f11voiL5DEfwJ6dAvO0G_qM4MwvkehlcOuujY1AeiI_5O-7mOUME6wzDo9t3swjdKVc5Hi6QvbgsitnipDmc21JulEDgenFy9__IysMWLkPDmQFWwZrBik2-MOpfZlWE7T2Jv494_CI5khguyD9rAY7i0miWwQotQvwb_6jascRCMiTEqD5pBzyC0M=w116-h103-no | AS34: http://ncrdb.usga.org/ | AT34: 87 | AU34: Me | AW34: 3 | AX34: 18 | AZ34: Cory Arnwine | BA34: Crail - Craighead - Yellow (18 Holes)
A35: Alex Edson | D35: Y | E35: 7.6 | F35: Crail - Craighead - Yellow (18 Holes) | G35: 70.8 | H35: 130 | I35: 86 | J35: 18 | K35: 72 | L35: 86 | M35: 7 | N35: 79 | O35: 15 | P35: 15 | Q35: 7 | R35: M | S35: https://storage.googleapis.com/glide-prod.appspot.com/uploads-v2/GNXfNUSV91nct3RVn9zd/pub/MXbvc7EbvlbCRBjsPjcA.jpg | T35: carnwine@gmail.com | U35: 45890.608 | V35: 8/21/25 - 2:34 PM | X35: Sat 12/30 - 12:00 AM | Y35: 3cb7058a-8d05-4ae9-9ae7-4c09f953a33c | AC35: Cory Arnwine | AE35: +14(+7) Thru F | AF35: +14(+7) Thru F | AH35: Thru F | AI35: 14 | AJ35: +14 | AK35: +14(+15) Thru F | AL35: +14(+15) Thru F | AM35: 18 | AN35: 12 | AO35: 1 | AP35: 1.6 | AR35: https://lh3.googleusercontent.com/s0I2GHIWa-qPdvl-BGseLVUkyx3UelIkqGC2O8P-wkBIhAsQl1HMR8KsRcCbzsATJ4EkWyJbrMtvDBng6KLJ3GC3hmJyjxLEQKZwdWjunWlsu_Q7sCzvUWx891xSFa_lpfDvU060hG0KgaV-6K_IVcv3d_NsrPTil13l4jWE9zb0tDW0_IELsbkGHJ3mmA9_NbkBT3FuEtIcstEScyMGxMmLy6Pbhy727rOrZ0ca8_C90PFaR1YoLcId5LXrHYAIRKCuqzha2MvvadBWR5hJ_zkTIWClkBZSwydcWLdY0LXdoEBA89ANikv6XU5IcQ8DIJHlCzKb-7ncnn-6zovGWvI4vbewyu1W6iiAS1CZ3uXlAiybxqsBbTh_xbcLbLek8RTYxyvOIvLwrklWnvWR9XWXgLufR_7i6rFgS8WlW0EEZT12yMZmz7kS5IMDoBMDvf3pjY0replPA11agPQw6xKuD7fusQLn9NEd4vOizn08tAAjtdeLNttEkRrymbEkNe-aNz83_o1lXk2iOIuL8_0vgkX0nTwtZa-Ac9nP-zanLlcMJuBv2-xI2HyG3V9cphPPQKvSvXuDVJoxJvd6cQOvIXhSpK8DaLt9sPcu4-QCeufLoFh6_IsodWzYsUQihzcMs3CMVNbub-eLXqkpu2hNVf4ZbEMwSag2z4LYbxJvqn3JkU1GhFI=w116-h103-no | AS35: http://ncrdb.usga.org/ | AT35: 79 | AU35: Other Member | AV35: Alex Edson | AW35: 3 | AX35: 18 | AZ35: Alex Edson | BA35: Crail - Craighead - Yellow (18 Holes)
A36: Grady Bunn | D36: Y | E36: 13.5 | F36: Crail - Craighead - Yellow (18 Holes) | G36: 70.8 | H36: 130 | I36: 87 | J36: 18 | K36: 72 | L36: 87 | M36: 1 | N36: 86 | O36: 16 | P36: 16 | Q36: 1 | R36: M | S36: https://lh3.googleusercontent.com/gQ_FaH2AF_jSJxRNubfcwX3XqG6dcE7KFTHqzUDgdA65lfy57Xnyo2e7D9_ADkXMZDwDprlQ0N8SlSm05CAfkEcLacfWCA0iqKpi5-HBqfCMD3rKMs77CSSzBgDIJPtHWC8lCOtteTiqTljHAcT1-cFtDPSLAC6ryzrYmGoAoI5BlvKRScFk1OMxT2Bz7pWyjn7fkq5GBrAkO1IuaNMgVljRyHjVn3j4j-oL8pGhycJUFlz1nuyea1eDCSU4IwYOfCGfLzodUa4OwrJmuf6CodGiJCB5VR6MYxBUylhMQYa5E-KczOv0t11ByK7uOpvrKtoTdi3tqJvaWgVC0nTYAMlVv7e5sH6_p8vg7h41LS898KW48eXRhJFrAGO2OzZeiy-xOyfD6hxeZ0flReFuhDSrrxF-X-EOf3dMk0FFIcO3TMNC2dzAGzhmpOUwNWKPidDdV_0I2k3dvG7Dguy5auAKUDTJgjgpetzcK5KElhRL-ZdNA6s39BoQgHpB7hsJsw2DZfT2_4ftVj4a-CN6iJdHTdb8QMjIAzCxDiUFlaDUXPHsUo1O8mt6ISJfruKOjsoClx4lDsa_J3M6Bu6h6rojA-_Vu7bbIWAGYFOafxWG3Xq9cqTcI2DGtkLFQg646TzUbrVkNyEGW0xTZxdRUKl7re6bW-F9JbDnigcq-d1XKLtY6P-l7sKdDxo9e-Q9nxMbMaItT4Bio7fNSvFa8gUDuTD_WHt9rtrljgqiOhmxX6Gr=w1250-h937-no | T36: carnwine@gmail.com | U36: 45890.608 | V36: 8/21/25 - 2:35 PM | X36: Sat 12/30 - 12:00 AM | Y36: e77ce0d6-ff51-4245-a41f-b3c12e432272 | AC36: Cory Arnwine | AE36: +15(+1) Thru F | AF36: +15(+1) Thru F | AH36: Thru F | AI36: 15 | AJ36: +15 | AK36: +15(+16) Thru F | AL36: +15(+16) Thru F | AM36: 18 | AN36: 12 | AO36: 2.6 | AP36: 2.6 | AR36: https://lh3.googleusercontent.com/tXy0O0LwConoBkdb4wz_YoG_IEPZfDqZaoIDpGZa5CKtCmLmp2m71LbcF8YmiREiuCeOTIHDVTMw9ukeELSKzkHpe6Tnzv8GGoqqLRz_OzkYzSzlGlbVTnatXkvoOqtb9ewJpjyJ9vZFXND4tWRo9Fp1-teBc0O26J_EUhCkbkwjrUgwkZJ8kTNwRkXyojoOJUyExq-zLSMp9XfdiMPYcVcX-BGMUeuytjeJRH8JbyGg1Zuq4sdTcjSd0vGF4le4Ahkf03P2jn4FsfIzVQ3dPjbzePO8kfJVmSLrgi_UnYvLWfNeeonYS1ZXjKs8DombNrdZNj6UXt73utGXVAIK8pH8f15jMtX1RZdNqZ014Awmd0P32v8g2WZ7X_PCAe3eDKqPHSh9UCFgzcuTP97PcMWt5_HQv7VUqqQvCUfCRQWlcgbUdiq5rI5hLD7VnkA8Ul69Hez2lFM2B9FY3rdyZYjrZ-Vq52OPhUe8XNHaYRUWshyjplJjT2kcFs74Bs7ihIoJ-UwJVQdCOqwEEKeYRtQygGAf_IyNCLInI2OpKTw-lY-UOSZTz10f9R9u0RvtWv5LolPzMztNeHcPdq8TzanctW1yQRntXIKXJycEGNEJxOPMoy2ggRWRG6T1ce0BaL7Lk12smXw8Txql7ih_6AmS95k1S7n6XutAkcoY88h1VQ-0WCFP6mM=w116-h103-no | AS36: http://ncrdb.usga.org/ | AT36: 86 | AU36: Other Member | AV36: Grady Bunn | AW36: 3 | AX36: 18 | AZ36: Grady Bunn | BA36: Crail - Craighead - Yellow (18 Holes)
A37: Ashby Foltz | D37: Y | E37: 17.8 | F37: Crail - Craighead - Yellow (18 Holes) | G37: 70.8 | H37: 130 | I37: 96 | J37: 18 | K37: 72 | L37: 96 | M37: 6 | N37: 90 | O37: 25 | P37: 25 | Q37: 6 | R37: M | S37: https://minervatour.files.wordpress.com/2019/10/img_5277.jpg | T37: carnwine@gmail.com | U37: 45890.608 | V37: 8/21/25 - 2:35 PM | X37: Sat 12/30 - 12:00 AM | Y37: 7f6bcb18-6df4-4feb-9694-20dd4f87823d | AC37: Cory Arnwine | AE37: +24(+6) Thru F | AF37: +24(+6) Thru F | AH37: Thru F | AI37: 24 | AJ37: +24 | AK37: +24(+25) Thru F | AL37: +24(+25) Thru F | AM37: 18 | AN37: 12 | AO37: 5.6 | AP37: 3.6 | AR37: https://lh3.googleusercontent.com/Gi7veismj6d99JVt7CQrjL0XTY-r5QRbgyXKckj4F2gupO4EAQeQawfhwK3671nOmSkDxfUGY3sagxYRSrxS4ZD1FNF6zc8P2axGqE7EBKRiAfn7aVVq7tqUieBE4jMdMdMDCbrpiP1JmyzVYdpNiUiG5aSIEYO4M1J_0ymq_YKvWWeGdfBGfk5Kf5k7X-IlDG2FhNMzPw7K0oi1vP5CMr5d1scyhhMEkwV0o_L3-dgG-4dpvwy2omZYIWjRKSSqcxRCcNe04H8dkTLZ7W47ZIL-3XPNI6RXID5cai4FbWkrhq94i7kkk6_B8uYAcVd61_8zfBH0DpBeryEoDnzjuzDj3BeZTavzyb8JBiUdalZKT6cQdoj-JN0Dycm01uT5VVaS6nz81JPy49BEhXJSREV53uq6ZGhECMsDGERamAsUSiMMDHi4Fsfe36LajOyFXsldFOBgN4Q7X5IC29SGRqL2FgEe2fu7XjEjy_YPkJd1AVc816_jKa4HjfA63dq9wBFgJAZFYZYY7OPfhhj5J7hdSrW6H4fAqPNcfC_eYV_cgQjzqZ4IgA8mKYQKyKNpYynZ3vFjKqKlfpaRVe8LqRkG6hoEJ6n94TVVueRRRxw0qTV9c04zmjlgzNO0AM4JO5Dk_b2t2C-EETotBzLQcGqvjQX8FL_lLYhdPlhO6LNdB58HNKEOcXJ_=w116-h103-no | AS37: http://ncrdb.usga.org/ | AT37: 90 | AU37: Other Member | AV37: Ashby Foltz | AW37: 3 | AX37: 18 | AZ37: Ashby Foltz | BA37: Crail - Craighead - Yellow (18 Holes)
A38: George Lane | D38: Y | E38: 10.7 | F38: Crail - Craighead - Yellow (18 Holes) | G38: 70.8 | H38: 130 | I38: 85 | J38: 18 | K38: 72 | L38: 85 | M38: 2 | N38: 83 | O38: 14 | P38: 14 | Q38: 2 | R38: M | S38: https://firebasestorage.googleapis.com/v0/b/glide-prod.appspot.com/o/img-uploads%2FGNXfNUSV91nct3RVn9zd%2Fb607eb.jpeg?alt=media | T38: carnwine@gmail.com | U38: 45890.608 | V38: 8/21/25 - 2:35 PM | X38: Sat 12/30 - 12:00 AM | Y38: 467afa9e-68e2-4557-99ea-19c2b324deca | AC38: Cory Arnwine | AE38: +13(+2) Thru F | AF38: +13(+2) Thru F | AH38: Thru F | AI38: 13 | AJ38: +13 | AK38: +13(+14) Thru F | AL38: +13(+14) Thru F | AM38: 18 | AN38: 12 | AO38: 7.6 | AP38: 5.6 | AR38: https://lh3.googleusercontent.com/wXx5aO2MitxNB5djH3t6tQ5qanOQLB2REHjUtBXGFtgKXmXD03ezp4rgby-1tFUVAbse9f5ScSZc71nI0g2qCi9Cay7PKhEa4e-mLVWXYYeEkid4MqrRFAXwCst3P7k3GyJlEHagAc8rXRTdDMFGIXw0hhNh4Je8M2JpPcS7qyIgNoZ3IlJnPAB2jLcF3zP9RlXtPhRQ-Ly9FS6J_7L0Bh5sivSzUWCz9ILpGMRfP6sbKpzOHK2aZn1-uipLAWuulVv9j9wpHxAcvmYUpeI6Dl9n59qOzkMea9ED25YlCpn1S-kj_tFs_7USxkTlld-i6qmYqpCj_o5pCdNYE7Rcn5bRf9AnJkbbQR9s7M1ZsoMqi2w4yzhJ8WumUWLRy_A_AQdM7EYNQZJCep-bPyg-ejqMNxmoT1Zrbx-1C_cvrCe5T4nbJF1Z1reiCyC_CgR37Uvt8kPfBtRdXWZxsb-mXFwT7mdtj9H8ohmAuM2oCm8Jwat1fpkhpFrmRcrYodWAJZx6xAmGHTsekpFV40Fvr1gFOwdn90bDuHofViSoepYiaq1WLK8o6sEEn0ATIOVCxZjl1UdhC6U22GMeChfJfJ8BPL_EsESYmE3wHMNdKTHzG1g0BYS9Xu1jfdG8PxNq9U1Vm3GU6R6hHUaELyw_YObN0SSPkgpH8esf4k1583EbAA2A9W4ONStn=w116-h102-no | AS38: http://ncrdb.usga.org/ | AT38: 83 | AU38: Other Member | AV38: George Lane | AW38: 3 | AX38: 18 | AZ38: George Lane | BA38: Crail - Craighead - Yellow (18 Holes)
A39: Robby Dewling | D39: Y | E39: 6.1 | F39: Crail - Craighead - Yellow (18 Holes) | G39: 70.8 | H39: 130 | I39: 83 | J39: 18 | K39: 72 | L39: 83 | M39: 5 | N39: 78 | O39: 12 | P39: 12 | Q39: 5 | R39: M | S39: https://storage.googleapis.com/glide-prod.appspot.com/uploads-v2/GNXfNUSV91nct3RVn9zd/pub/wD9y0NT35v2ch7ZEGxQP.jpeg | T39: carnwine@gmail.com | U39: 45890.609 | V39: 8/21/25 - 2:36 PM | X39: Sat 12/30 - 12:00 AM | Y39: db575cf3-1767-4dfc-b9b9-779354b500b6 | AC39: Cory Arnwine | AE39: +11(+5) Thru F | AF39: +11(+5) Thru F | AH39: Thru F | AI39: 11 | AJ39: +11 | AK39: +11(+12) Thru F | AL39: +11(+12) Thru F | AM39: 18 | AN39: 12 | AO39: 4.6 | AP39: 7.6 | AR39: https://lh3.googleusercontent.com/Xq4CqLEu4NPhnQxopkOXNzg87Nk34O-TjIWjI8Y1j4C8dyEigSztrK3jQDfs0WLALBvNE_E9HUwKPmhv16d1aWeulgQNe6Nt2lMAvlFB_maKj9Lx37DeWQcB-ChkZqIw0jW9_OWuPS2ZDGPjNqozmKH_-zH5zrCbgseJByRYFJAJhnFI-Mk3WcFjmvsEHa_fLl0pgiBbvlhHHGZ9jhFbouJEUdq5WHNFMlgzUqneLZvbYZoEKSZ_IVLL64ppz2M4_DRu2bRjVEtU_DhT4DaSruv2nLHsucbH6sn3ETcFjQ3WSt6CKmz8im-UK0NI3fo02YoVRsRN5W7PnwQQbNIStnEqwvYnfeB4-OsuJuAK2I5GV9MTyGcnJEMBCi9hq9v_zHXBZkNBPqWm8bjsnL5gqkcb3stAZxdg_O8PqSfIKFv5KSkR71g6YKe6HgY8XtBN2Yho4agxCsSjcCNSlRZsliwoML69lGqJeSnmMGrJ3hYu45AFKRY5rFEhhid_ageQRbnfXDnp9_g6T-hg3_lRRTdXAFpZYNc6mwahxHJOGzoMzy3XgTVWrVP8Q2ABDEGxsvpJPw8Jm7wCN-Uk48pcETE5GwBYTZggp6Gw5MHS9yl8lKTVyGwXcAPW-BM-itteOyPe2fmyKYc2H5WrIezXN3biW8H27GXS4SZRYRoKw828zmbjSsamVTZT=w116-h102-no | AS39: http://ncrdb.usga.org/ | AT39: 78 | AU39: Other Member | AV39: Robby Dewling | AW39: 3 | AX39: 18 | AZ39: Robby Dewling | BA39: Crail - Craighead - Yellow (18 Holes)
A40: Bobby Ross | D40: Y | E40: 16.2 | F40: Crail - Craighead - Yellow (18 Holes) | G40: 70.8 | H40: 130 | I40: 94 | J40: 18 | K40: 72 | L40: 94 | M40: 5 | N40: 89 | O40: 23 | P40: 23 | Q40: 5 | R40: M | S40: https://firebasestorage.googleapis.com/v0/b/glide-prod.appspot.com/o/img-uploads%2FGNXfNUSV91nct3RVn9zd%2F7ede3f.jpeg?alt=media | T40: carnwine@gmail.com | U40: 45890.609 | V40: 8/21/25 - 2:36 PM | X40: Sat 12/30 - 12:00 AM | Y40: 062e5aee-fe3a-4476-8b02-451762a63649 | AC40: Cory Arnwine | AE40: +22(+5) Thru F | AF40: +22(+5) Thru F | AH40: Thru F | AI40: 22 | AJ40: +22 | AK40: +22(+23) Thru F | AL40: +22(+23) Thru F | AM40: 18 | AN40: 12 | AO40: 3.6 | AP40: 0.6 | AR40: https://lh3.googleusercontent.com/Xq4CqLEu4NPhnQxopkOXNzg87Nk34O-TjIWjI8Y1j4C8dyEigSztrK3jQDfs0WLALBvNE_E9HUwKPmhv16d1aWeulgQNe6Nt2lMAvlFB_maKj9Lx37DeWQcB-ChkZqIw0jW9_OWuPS2ZDGPjNqozmKH_-zH5zrCbgseJByRYFJAJhnFI-Mk3WcFjmvsEHa_fLl0pgiBbvlhHHGZ9jhFbouJEUdq5WHNFMlgzUqneLZvbYZoEKSZ_IVLL64ppz2M4_DRu2bRjVEtU_DhT4DaSruv2nLHsucbH6sn3ETcFjQ3WSt6CKmz8im-UK0NI3fo02YoVRsRN5W7PnwQQbNIStnEqwvYnfeB4-OsuJuAK2I5GV9MTyGcnJEMBCi9hq9v_zHXBZkNBPqWm8bjsnL5gqkcb3stAZxdg_O8PqSfIKFv5KSkR71g6YKe6HgY8XtBN2Yho4agxCsSjcCNSlRZsliwoML69lGqJeSnmMGrJ3hYu45AFKRY5rFEhhid_ageQRbnfXDnp9_g6T-hg3_lRRTdXAFpZYNc6mwahxHJOGzoMzy3XgTVWrVP8Q2ABDEGxsvpJPw8Jm7wCN-Uk48pcETE5GwBYTZggp6Gw5MHS9yl8lKTVyGwXcAPW-BM-itteOyPe2fmyKYc2H5WrIezXN3biW8H27GXS4SZRYRoKw828zmbjSsamVTZT=w116-h102-no | AS40: http://ncrdb.usga.org/ | AT40: 89 | AU40: Other Member | AV40: Bobby Ross | AW40: 3 | AX40: 18 | AZ40: Bobby Ross | BA40: Crail - Craighead - Yellow (18 Holes)
A41: Grady Bunn | D41: Y | E41: 13.5 | F41: Crail - Balcomie - White (18 Holes) | G41: 69.7 | H41: 124 | I41: 84 | J41: 18 | K41: 69 | L41: 84 | M41: 0 | N41: 84 | O41: 14 | P41: 14 | Q41: 0 | R41: M | S41: https://lh3.googleusercontent.com/gQ_FaH2AF_jSJxRNubfcwX3XqG6dcE7KFTHqzUDgdA65lfy57Xnyo2e7D9_ADkXMZDwDprlQ0N8SlSm05CAfkEcLacfWCA0iqKpi5-HBqfCMD3rKMs77CSSzBgDIJPtHWC8lCOtteTiqTljHAcT1-cFtDPSLAC6ryzrYmGoAoI5BlvKRScFk1OMxT2Bz7pWyjn7fkq5GBrAkO1IuaNMgVljRyHjVn3j4j-oL8pGhycJUFlz1nuyea1eDCSU4IwYOfCGfLzodUa4OwrJmuf6CodGiJCB5VR6MYxBUylhMQYa5E-KczOv0t11ByK7uOpvrKtoTdi3tqJvaWgVC0nTYAMlVv7e5sH6_p8vg7h41LS898KW48eXRhJFrAGO2OzZeiy-xOyfD6hxeZ0flReFuhDSrrxF-X-EOf3dMk0FFIcO3TMNC2dzAGzhmpOUwNWKPidDdV_0I2k3dvG7Dguy5auAKUDTJgjgpetzcK5KElhRL-ZdNA6s39BoQgHpB7hsJsw2DZfT2_4ftVj4a-CN6iJdHTdb8QMjIAzCxDiUFlaDUXPHsUo1O8mt6ISJfruKOjsoClx4lDsa_J3M6Bu6h6rojA-_Vu7bbIWAGYFOafxWG3Xq9cqTcI2DGtkLFQg646TzUbrVkNyEGW0xTZxdRUKl7re6bW-F9JbDnigcq-d1XKLtY6P-l7sKdDxo9e-Q9nxMbMaItT4Bio7fNSvFa8gUDuTD_WHt9rtrljgqiOhmxX6Gr=w1250-h937-no | T41: carnwine@gmail.com | U41: 45890.86 | V41: 8/21/25 - 8:38 PM | X41: Sat 12/30 - 12:00 AM | Y41: 0ad3026e-83e6-42a3-b29f-03cbfa3dbea4 | AC41: Cory Arnwine | AE41: +15(E) Thru F | AF41: +15(E) Thru F | AH41: Thru F | AI41: 15 | AJ41: +15 | AK41: +15(+14) Thru F | AL41: +15(+14) Thru F | AM41: 18 | AN41: 12 | AO41: 2.6 | AP41: 2.6 | AR41: https://lh3.googleusercontent.com/QG1aIdUSDImQrtI7DLJap9XYjNgx1ajuEgWzl3ZzKARNR-Un6cFp8Ko63sAVuUxXlh4ZYSu0T2akQQx-nI67usFPhS5dUYuNQX9jUMcjHQM2eevGXkV-1DKg_rbxlAikK6qn3nwYPk_3a27vEVc9canRX5mn5he1Dmpp5EL_y2Gi6am3kH1684HbQxXxIUvmadxjo0TDdZs3nnf9mQwJ16rdspybKV3vpKhVG8JSDW1icF0wTm03Ij3p6WAkBLoqo_jFarA1aF57xrTfT1AVJYqzgGK2wTFV365k422dvYgqHCTUXOaq8iKHCuOefKL0IOLvncPkxzl2n0CpPhNSHUTO9RNhwD3GW7IFWvtNlz0JcqIs4PTZgL0iTWc0am6OuQmd4n2DoGQax3Dzj--xva-dHRPN3gJs8DydnfAPDIR5Pqtfbk7-uSYZBruJhUJuJG0Ywdw5UessTrsvaBgNBDEKXVTVOn5bjOZDz9Kw4_eGZRyB4Wbcgv9Sn5VVDqPkxY1jY198gZMbXKvVJBLSYiecla7ZYVAOf6-yrp7kq1V_iF4P94TCMChogvb-DspOheh8bokK-yom_eftavFt5XYmZ7aAERT-k4EnBPmdK2TK2BAA6IA4oyk8P-1-qToCuWQw_dFPjaxrTN5fED4miEd9r7NptJgpaQTwXG3X2GHkw4p6LqaUvm8=w116-h103-no | AS41: http://ncrdb.usga.org/ | AT41: 84 | AU41: Other Member | AV41: Grady Bunn | AW41: 3 | AX41: 18 | AZ41: Grady Bunn | BA41: Crail - Balcomie - White (18 Holes)
A42: George Lane | D42: Y | E42: 10.7 | F42: Crail - Balcomie - White (18 Holes) | G42: 69.7 | H42: 124 | I42: 74 | J42: 18 | K42: 69 | L42: 74 | M42: -7 | N42: 81 | O42: 4 | P42: 4 | Q42: -7 | R42: M | S42: https://firebasestorage.googleapis.com/v0/b/glide-prod.appspot.com/o/img-uploads%2FGNXfNUSV91nct3RVn9zd%2Fb607eb.jpeg?alt=media | T42: carnwine@gmail.com | U42: 45890.86 | V42: 8/21/25 - 8:38 PM | X42: Sat 12/30 - 12:00 AM | Y42: 73b023f0-7119-4af7-aa4b-765853bac06a | AC42: Cory Arnwine | AE42: +5(-7) Thru F | AF42: +5(-7) Thru F | AH42: Thru F | AI42: 5 | AJ42: +5 | AK42: +5(+4) Thru F | AL42: +5(+4) Thru F | AM42: 18 | AN42: 12 | AO42: 7.6 | AP42: 5.6 | AR42: https://lh3.googleusercontent.com/9IxIsPmI2L6ehbUx31jaId8YTx4Uf04R_OGSMAVzF4INV-PxuqGsf-Sj-EzNFF_EIJm_SsuGYrBSEdd2hOvIRfG8ORY2isaExX6YzEme5hI5jp-puAG6cRzaqXXA4Wbar8i1Atm4xhIldLSfaHb5jRJXdx6MCy1YBMZZXkx4DSoxgGec4kMEB7BJmtShIwYq9AOOcGWiqLoNfobwu42U8d4rgiEGgEnM7NI9Z_wTHp9Hw3Zd9pR3AgZfwPgZWueD5Be_E9m-qqNK2PAmqueSlD1JDlK5QCFWgjsNMHSYuA2z3Ul_-qT0sdAosGuxo-KJBod9J8LaTrYiEqGfQ55CtdiZw9wUGqNpzzNzmCOSNSe74sMHDVreudqowdE65JmvsbwNC5POWlFe8W50qHARP4wO8HB3ZzQRe1IbfkLOtX1HCVPjcFD0lRjH7Ix4X8O-g9_2UaFbCubLH9SByBFEwLd-UY6c4bynOJGFpyp_838VOhTA5Ubkkb15yrI-uRm5zgNloWU3iOGoKmjkYKOzM6b3gJtmLuBa3MzyoPRWjuLLL-_2vSv4hshSwapR06rR-NCywdgm_1JpICRhOCbRKJ1twztIlpyKYkELf47oi1xSz-SZ7R-j71YBg0nHVM9pcDB_byRKNPzL4I8YPnHGQvz6O7yrwGE0mRgSaHEHiM3EQN1aRDIxzQo=w116-h103-no | AS42: http://ncrdb.usga.org/ | AT42: 81 | AU42: Other Member | AV42: George Lane | AW42: 3 | AX42: 18 | AZ42: George Lane | BA42: Crail - Balcomie - White (18 Holes)
A43: Bobby Ross | D43: Y | E43: 16.2 | F43: Crail - Balcomie - White (18 Holes) | G43: 69.7 | H43: 124 | I43: 92 | J43: 18 | K43: 69 | L43: 92 | M43: 5 | N43: 87 | O43: 22 | P43: 22 | Q43: 5 | R43: M | S43: https://firebasestorage.googleapis.com/v0/b/glide-prod.appspot.com/o/img-uploads%2FGNXfNUSV91nct3RVn9zd%2F7ede3f.jpeg?alt=media | T43: carnwine@gmail.com | U43: 45890.861 | V43: 8/21/25 - 8:39 PM | X43: Sat 12/30 - 12:00 AM | Y43: 0b1631ad-aa5a-4562-8214-992e74160681 | AC43: Cory Arnwine | AE43: +23(+5) Thru F | AF43: +23(+5) Thru F | AH43: Thru F | AI43: 23 | AJ43: +23 | AK43: +23(+22) Thru F | AL43: +23(+22) Thru F | AM43: 18 | AN43: 12 | AO43: 3.6 | AP43: 0.6 | AR43: https://lh3.googleusercontent.com/Xq4CqLEu4NPhnQxopkOXNzg87Nk34O-TjIWjI8Y1j4C8dyEigSztrK3jQDfs0WLALBvNE_E9HUwKPmhv16d1aWeulgQNe6Nt2lMAvlFB_maKj9Lx37DeWQcB-ChkZqIw0jW9_OWuPS2ZDGPjNqozmKH_-zH5zrCbgseJByRYFJAJhnFI-Mk3WcFjmvsEHa_fLl0pgiBbvlhHHGZ9jhFbouJEUdq5WHNFMlgzUqneLZvbYZoEKSZ_IVLL64ppz2M4_DRu2bRjVEtU_DhT4DaSruv2nLHsucbH6sn3ETcFjQ3WSt6CKmz8im-UK0NI3fo02YoVRsRN5W7PnwQQbNIStnEqwvYnfeB4-OsuJuAK2I5GV9MTyGcnJEMBCi9hq9v_zHXBZkNBPqWm8bjsnL5gqkcb3stAZxdg_O8PqSfIKFv5KSkR71g6YKe6HgY8XtBN2Yho4agxCsSjcCNSlRZsliwoML69lGqJeSnmMGrJ3hYu45AFKRY5rFEhhid_ageQRbnfXDnp9_g6T-hg3_lRRTdXAFpZYNc6mwahxHJOGzoMzy3XgTVWrVP8Q2ABDEGxsvpJPw8Jm7wCN-Uk48pcETE5GwBYTZggp6Gw5MHS9yl8lKTVyGwXcAPW-BM-itteOyPe2fmyKYc2H5WrIezXN3biW8H27GXS4SZRYRoKw828zmbjSsamVTZT=w116-h102-no | AS43: http://ncrdb.usga.org/ | AT43: 87 | AU43: Other Member | AV43: Bobby Ross | AW43: 3 | AX43: 18 | AZ43: Bobby Ross | BA43: Crail - Balcomie - White (18 Holes)
A44: Robby Dewling | D44: Y | E44: 6.1 | F44: Crail - Balcomie - White (18 Holes) | G44: 69.7 | H44: 124 | I44: 75 | J44: 18 | K44: 69 | L44: 75 | M44: -1 | N44: 76 | O44: 5 | P44: 5 | Q44: -1 | R44: M | S44: https://storage.googleapis.com/glide-prod.appspot.com/uploads-v2/GNXfNUSV91nct3RVn9zd/pub/wD9y0NT35v2ch7ZEGxQP.jpeg | T44: carnwine@gmail.com | U44: 45890.861 | V44: 8/21/25 - 8:39 PM | X44: Sat 12/30 - 12:00 AM | Y44: 7c43a5cf-3111-45ab-b45b-e17533ff7a5e | AC44: Cory Arnwine | AE44: +6(-1) Thru F | AF44: +6(-1) Thru F | AH44: Thru F | AI44: 6 | AJ44: +6 | AK44: +6(+5) Thru F | AL44: +6(+5) Thru F | AM44: 18 | AN44: 12 | AO44: 4.6 | AP44: 7.6 | AR44: https://lh3.googleusercontent.com/y79LG6IOyNlVI4nffsIu4kI94A0lbmxdi17sZmagyGBM9juhotJIZKgEmCBQ5C6BbuOQynHSrWnhIXR2m9uqHLciIKN2MrW9qbGJyoudCFhpHWtdBTvr-4MZ91EmiAxZo-GLDbymXRZwcNv_4Xx93GIstPTH4x6D4b-eBTuBlH_cMPeKJib5TV0JXyI9l3bReZxhIr7Hr8R4sspZ3z0N5ggeS1646Nh1YTgVyOt76WNYZ7X4P3VNRcYlqSV1yAb6UI4gglnSJ7eJiB3_oQzoCkS95Yv1iwlJcPZokLGVsmMNRugyTGVq5tE5VfB_Dk2UuJPCz8zRm4519cvKV2rULEzDrMc8ExWBi486KOB6ILkTZ17wfSom6dp2awhc1RFxXEWo7hvoYir_JjZyBOgTaqT2QCnNpynOfK8VjCfw8z8rqE-Pdn6z-9wnXKbvolaV4iFENkO_RSjcmm2QgI8BmSzsCioYESsgVYbVlQ9L9oQ-U6K99A1Xbj3F5SGs4Hb2fzqT37cDyzLr7cDeciH-d7Y_yY2MkILh73v3IjJikE66jgVVxBDqrK_Vqqnc-NYzz0jCpKGxIoE3h2-VWCUSmVohoFhCLJacUX-CGyCzDechjKtn9h1jcpE_gXm9lolhadIiGRv41PRR3IYH2vhh4A7QQ_x9E29hO6RPPlRy8ygFeDLiYAeHqUU=w116-h103-no | AS44: http://ncrdb.usga.org/ | AT44: 76 | AU44: Other Member | AV44: Robby Dewling | AW44: 3 | AX44: 18 | AZ44: Robby Dewling | BA44: Crail - Balcomie - White (18 Holes)
A45: Ashby Foltz | D45: Y | E45: 17.8 | F45: Crail - Balcomie - White (18 Holes) | G45: 69.7 | H45: 124 | I45: 98 | J45: 18 | K45: 69 | L45: 98 | M45: 10 | N45: 88 | O45: 28 | P45: 28 | Q45: 10 | R45: M | S45: https://minervatour.files.wordpress.com/2019/10/img_5277.jpg | T45: carnwine@gmail.com | U45: 45890.861 | V45: 8/21/25 - 8:39 PM | X45: Sat 12/30 - 12:00 AM | Y45: 9b801f27-d0d9-4179-a312-313231907d2e | AC45: Cory Arnwine | AE45: +29(+10) Thru F | AF45: +29(+10) Thru F | AH45: Thru F | AI45: 29 | AJ45: +29 | AK45: +29(+28) Thru F | AL45: +29(+28) Thru F | AM45: 18 | AN45: 12 | AO45: 5.6 | AP45: 3.6 | AR45: https://lh3.googleusercontent.com/5ZlbW3TKdjJFToqMJgLuB2Rh55eAQZeql2fkbPHtH-0MzHMpgUMsjd6qBLkLUU5WonSzJ2i3La4_P0gy9b2bMntKwMDsITsY7920TIzFZE2ns5Poyu_HfVprP9TkHTQDT0syYK6iyBmIpvvzR5zxUxSRWfjY9ZlRWUieV1RwNh4ROY2-V7AtyY-pV2AfOpkrfpezVc_KgIVpUrT5Lo2_hRbfrFsOeFmv6vD9ftrdFRlBWLAbrWPIuAuews7tLnYJa275nka-iwBQknWMTMjlUc2cbIDwq_pM3EJkko-rILrmBwwDne6Asy8YNf382Cu15P0ZGg6GLrV1cgND4of3FRwRartF4azpghz77F0rh_-EW58yJM6nnY16RME8ky8v-3m_2WBabofDN6c0kADOObcXkrn3b8k2EfEUf5zen4_p4dZIF6UlaZOFMlEpYrh-L5uomXezcQNSXzgxlmkXVUnNg4RLgervQHO8Qo_aisaDwKlielwij7mkpmzvQ2o4JpBUumBL0e2yN5NLHJothNtUkyVEPEzSMlTj45_-6kgacUjgnAEE4uT4FImI2WjsIUI_Q3Mf9Rs5LCrMkcmRqGzBxHpmwOAp9H9qkwigMmAPrCrAk41z4URik0tjoOSKMTproiwWqfIgVhnP9X4pxDY9CpOGIpcDB1UXxeMBbwxeBaliQOYjnjUs=w116-h103-no | AS45: http://ncrdb.usga.org/ | AT45: 88 | AU45: Other Member | AV45: Ashby Foltz | AW45: 3 | AX45: 18 | AZ45: Ashby Foltz | BA45: Crail - Balcomie - White (18 Holes)
A46: Cory Arnwine | D46: Y | E46: 14.5 | F46: Crail - Balcomie - White (18 Holes) | G46: 69.7 | H46: 124 | I46: 83 | J46: 18 | K46: 69 | L46: 83 | M46: -2 | N46: 85 | O46: 13 | P46: 13 | Q46: -2 | R46: M | S46: https://storage.googleapis.com/glide-prod.appspot.com/uploads-v2/GNXfNUSV91nct3RVn9zd/pub/ZVOcGslXfVNwGSOfc3Rm.jpeg | T46: carnwine@gmail.com | U46: 45890.861 | V46: 8/21/25 - 8:40 PM | X46: Sat 12/30 - 12:00 AM | Y46: 3c623d3f-b255-41df-b217-6ae9f15e1dfd | AC46: Cory Arnwine | AE46: +14(-2) Thru F | AF46: +14(-2) Thru F | AH46: Thru F | AI46: 14 | AJ46: +14 | AK46: +14(+13) Thru F | AL46: +14(+13) Thru F | AM46: 18 | AN46: 12 | AO46: 10.6 | AP46: 4.6 | AR46: https://lh3.googleusercontent.com/x0ix3S7bpMOabPeZRXBg0nEImQtplRA1q3eQ8YUWtTOrF32DwhWCDhQ3GjiBI9rmOrAex1Cfa2vMCJY0SjO4ABjsKMOu0ohQfugUsj4BA3XXuqHI_oH6zc7pKasqpWzBfn4M9CJ-zDffT4pfvdokIeu20pNTpJ4N6wHzYeyTpjhI9T6BsAA20CZfJ2g_c0QQZBG1wXoAmw-BRe2R48tVePkuLMOm5Zow2wPA-GfbVYz4dsl7Lq5gYz5Vq8js3ZjUXQgCeps_W-_xyMvjg3FPvbKFa5Cp6xrhYfKXE8Pq7hpofwuchGM6jim3yis0NcalLFBa8c70PSRcJJRmz7RPakSpqXfihxuvIUkpsftCOtPZtwX4tGKTBNnq4Q-fryTV80RL4V1RYhomZIAnNtBR3mTTOJiXLC_FXj8y_CmpD-pFvMIsT1nuc2qLW-FUjpQiZ9IKyAQmgwVPYT-IiLX-MYxrO5lyz5y-YX_brmFrtR5vPPVlAoSW2TB42e7ga_0oQQGC_cn28wG-aLU8HsV3qZg7OJ3VvblsTtpn7x0JJxM1t9ixP4RdDO4Gch7dh6ud_xDdop8_chrGk5SEVh_lT2XHT4iLIPsUo24PeHL_Ik6fCRx3Srv8_mYqftJqii2onn6HybEUOAIlBZgu38gDxLjc9_yfxTYSCjgNSp8zFw5tpj9LH5h0-6I=w116-h103-no | AS46: http://ncrdb.usga.org/ | AT46: 85 | AU46: Me | AW46: 3 | AX46: 18 | AZ46: Cory Arnwine | BA46: Crail - Balcomie - White (18 Holes)
A47: Ashby Foltz | D47: Y | E47: 17.8 | F47: St Andrews Old Course - Blue (18 Holes) | G47: 71.8 | H47: 133 | I47: 90 | J47: 18 | K47: 72 | L47: 90 | M47: -2 | N47: 92 | O47: 18 | P47: 18 | Q47: -2 | R47: M | S47: https://minervatour.files.wordpress.com/2019/10/img_5277.jpg | T47: afoltz3@gmail.com | U47: 45891.491 | V47: 8/22/25 - 11:47 AM | W47: 45891.271 | X47: Fri 8/22 - 6:30 AM | Y47: b6c49ada-6d50-47e6-96d0-63b85dd7255b | AC47: Ashby Foltz | AE47: +18(-2) Thru F | AF47: +18(-2) Thru F | AH47: Thru F | AI47: 18 | AJ47: +18 | AK47: +18(+18) Thru F | AL47: +18(+18) Thru F | AM47: 18 | AN47: 12 | AO47: 5.6 | AP47: 3.6 | AR47: https://lh3.googleusercontent.com/x0ix3S7bpMOabPeZRXBg0nEImQtplRA1q3eQ8YUWtTOrF32DwhWCDhQ3GjiBI9rmOrAex1Cfa2vMCJY0SjO4ABjsKMOu0ohQfugUsj4BA3XXuqHI_oH6zc7pKasqpWzBfn4M9CJ-zDffT4pfvdokIeu20pNTpJ4N6wHzYeyTpjhI9T6BsAA20CZfJ2g_c0QQZBG1wXoAmw-BRe2R48tVePkuLMOm5Zow2wPA-GfbVYz4dsl7Lq5gYz5Vq8js3ZjUXQgCeps_W-_xyMvjg3FPvbKFa5Cp6xrhYfKXE8Pq7hpofwuchGM6jim3yis0NcalLFBa8c70PSRcJJRmz7RPakSpqXfihxuvIUkpsftCOtPZtwX4tGKTBNnq4Q-fryTV80RL4V1RYhomZIAnNtBR3mTTOJiXLC_FXj8y_CmpD-pFvMIsT1nuc2qLW-FUjpQiZ9IKyAQmgwVPYT-IiLX-MYxrO5lyz5y-YX_brmFrtR5vPPVlAoSW2TB42e7ga_0oQQGC_cn28wG-aLU8HsV3qZg7OJ3VvblsTtpn7x0JJxM1t9ixP4RdDO4Gch7dh6ud_xDdop8_chrGk5SEVh_lT2XHT4iLIPsUo24PeHL_Ik6fCRx3Srv8_mYqftJqii2onn6HybEUOAIlBZgu38gDxLjc9_yfxTYSCjgNSp8zFw5tpj9LH5h0-6I=w116-h103-no | AS47: http://ncrdb.usga.org/ | AT47: 92 | AU47: Me | AW47: 3 | AX47: 18 | AZ47: Ashby Foltz | BA47: St Andrews Old Course - Blue (18 Holes)
A48: Cory Arnwine | D48: Y | E48: 14.5 | F48: St Andrews Old Course - Blue (18 Holes) | G48: 71.8 | H48: 133 | I48: 81 | J48: 18 | K48: 72 | L48: 81 | M48: -7 | N48: 88 | O48: 9 | P48: 9 | Q48: -7 | R48: M | S48: https://storage.googleapis.com/glide-prod.appspot.com/uploads-v2/GNXfNUSV91nct3RVn9zd/pub/ZVOcGslXfVNwGSOfc3Rm.jpeg | T48: afoltz3@gmail.com | U48: 45891.492 | V48: 8/22/25 - 11:48 AM | W48: 45891.271 | X48: Fri 8/22 - 6:30 AM | Y48: 90590d04-d85b-41c7-977c-33b4ab39890e | AC48: Ashby Foltz | AE48: +9(-7) Thru F | AF48: +9(-7) Thru F | AH48: Thru F | AI48: 9 | AJ48: +9 | AK48: +9(+9) Thru F | AL48: +9(+9) Thru F | AM48: 18 | AN48: 12 | AO48: 10.6 | AP48: 4.6 | AR48: https://lh3.googleusercontent.com/9IxIsPmI2L6ehbUx31jaId8YTx4Uf04R_OGSMAVzF4INV-PxuqGsf-Sj-EzNFF_EIJm_SsuGYrBSEdd2hOvIRfG8ORY2isaExX6YzEme5hI5jp-puAG6cRzaqXXA4Wbar8i1Atm4xhIldLSfaHb5jRJXdx6MCy1YBMZZXkx4DSoxgGec4kMEB7BJmtShIwYq9AOOcGWiqLoNfobwu42U8d4rgiEGgEnM7NI9Z_wTHp9Hw3Zd9pR3AgZfwPgZWueD5Be_E9m-qqNK2PAmqueSlD1JDlK5QCFWgjsNMHSYuA2z3Ul_-qT0sdAosGuxo-KJBod9J8LaTrYiEqGfQ55CtdiZw9wUGqNpzzNzmCOSNSe74sMHDVreudqowdE65JmvsbwNC5POWlFe8W50qHARP4wO8HB3ZzQRe1IbfkLOtX1HCVPjcFD0lRjH7Ix4X8O-g9_2UaFbCubLH9SByBFEwLd-UY6c4bynOJGFpyp_838VOhTA5Ubkkb15yrI-uRm5zgNloWU3iOGoKmjkYKOzM6b3gJtmLuBa3MzyoPRWjuLLL-_2vSv4hshSwapR06rR-NCywdgm_1JpICRhOCbRKJ1twztIlpyKYkELf47oi1xSz-SZ7R-j71YBg0nHVM9pcDB_byRKNPzL4I8YPnHGQvz6O7yrwGE0mRgSaHEHiM3EQN1aRDIxzQo=w116-h103-no | AS48: http://ncrdb.usga.org/ | AT48: 88 | AU48: Other Member | AV48: Cory Arnwine | AW48: 3 | AX48: 18 | AZ48: Cory Arnwine | BA48: St Andrews Old Course - Blue (18 Holes)
I49: 77 | T49: afoltz3@gmail.com | U49: 45891.882 | W49: 45891.667 | Y49: a1d32320-0d16-49aa-9157-79d10cded2ae | AC49: Ashby Foltz | AU49: Me
I50: 77 | T50: afoltz3@gmail.com | U50: 45891.891 | Y50: 6311eba6-6a3a-4427-9a75-5b84e6f849c1 | AC50: Ashby Foltz | AU50: Me
A51: Ashby Foltz | D51: Y | E51: 17.8 | F51: Kilspindie Golf Club - Blue (18 Holes) | G51: 67 | H51: 108 | I51: 77 | J51: 18 | K51: 69 | L51: 77 | M51: -6 | N51: 83 | O51: 10 | P51: 10 | Q51: -6 | R51: M | S51: https://minervatour.files.wordpress.com/2019/10/img_5277.jpg | T51: afoltz3@gmail.com | U51: 45891.892 | V51: 8/22/25 - 9:24 PM | X51: Sat 12/30 - 12:00 AM | Y51: 3721543a-469c-4051-9ae0-473b2f0aca07 | AC51: Ashby Foltz | AE51: +8(-6) Thru F | AF51: +8(-6) Thru F | AH51: Thru F | AI51: 8 | AJ51: +8 | AK51: +8(+10) Thru F | AL51: +8(+10) Thru F | AM51: 18 | AN51: 12 | AO51: 5.6 | AP51: 3.6 | AR51: https://lh3.googleusercontent.com/UQsWyyjXDahAoi0-dUjLydrmTagUIWbVRnnkfNRrTRXFWLMijYvyE0pe0vKrDEX-1Krp8Idke2NitfKN0Vc6YDwoL8WSPksZf83pRqYX69cthgrHzztLv96r2Z54cLPwavWQPnHHIaE2xTSDtKYwNxwKkovw5QmOt5XkiyADziQUj1jjPai-3cgabCuR40I3-W35Vwj9Qm6BET5z-w8Kh8Mcckjx_hiUHjcZXPqg0FWmU7gc57ypjTICD-SjyVIdlCW6GoT2Z9udMYs3dMHnzq9LqjjRhJ-dtVfqwSFP3TInuJocfw9duSnkKYyZNaO1XhfOjWKna_LSuLcRixxiPpdcnDw4mGN7z0xQ8YfejChslUKRoPHtjdlgfrOCmEossRVN3DAh_knsNjemoEQ9l3rI-nououxXS8UDkUoNKOVu16fesD4mn24WAUPsvEd0kRdTUPcpB7lRxSbq9fRHqlnJeInw8I5-ITm0br88GixyJMNMaFuhzpJfboQcg1GogbmZa9FU2vjyJOgNDEpFdnM73uOp_s907Lk1o89xl1tP9oFtiuBexGBPM0FprJG8g1U-jv7JUB1PoUJAA3flOx1SGzOmhVvOITA_pE-cQqREfDTsqZkheAwGeEuHNtmXwxUnd2GVKYgzSvDTqQ6dyMGUtPqAkLsGCm6Zqky1TZfnxy09sqSOiqU=w116-h103-no | AS51: http://ncrdb.usga.org/ | AT51: 83 | AU51: Me | AW51: 3 | AX51: 18 | AZ51: Ashby Foltz | BA51: Kilspindie Golf Club - Blue (18 Holes)
A52: John Richards | B52: 0 | C52: 0 | D52: Y | E52: 24.2 | F52: Palmetto Golf Course - White (18 Holes) | G52: 70.5 | H52: 132 | J52: 18 | K52: 70 | L52: 70 | M52: -97 | N52: 97 | O52: -1 | P52: 26 | Q52: 0 | R52: M | S52: https://storage.googleapis.com/glide-prod.appspot.com/uploads-v2/GNXfNUSV91nct3RVn9zd/pub/Tk2HdqDt4NKfTiKK87oY.jpeg | T52: johnprichards3@gmail.com | U52: 46043.882 | V52: 1/21/26 - 9:09 PM | W52: 46046.381 | X52: Sat 1/24 - 9:09 AM | Y52: 5fc2c1af-c9d8-41fe-aa83-f65c3269aafc | AC52: John Richards | AE52: E(E) Thru 0 | AF52: E(E) Thru 0 | AH52: Thru 0 | AI52: 0 | AJ52: E | AK52: E(-1) Thru 0 | AL52: E(+26) Thru 0 | AM52: 0 | AN52: 12 | AO52: 1.6 | AP52: 10.6 | AR52: https://lh3.googleusercontent.com/QG1aIdUSDImQrtI7DLJap9XYjNgx1ajuEgWzl3ZzKARNR-Un6cFp8Ko63sAVuUxXlh4ZYSu0T2akQQx-nI67usFPhS5dUYuNQX9jUMcjHQM2eevGXkV-1DKg_rbxlAikK6qn3nwYPk_3a27vEVc9canRX5mn5he1Dmpp5EL_y2Gi6am3kH1684HbQxXxIUvmadxjo0TDdZs3nnf9mQwJ16rdspybKV3vpKhVG8JSDW1icF0wTm03Ij3p6WAkBLoqo_jFarA1aF57xrTfT1AVJYqzgGK2wTFV365k422dvYgqHCTUXOaq8iKHCuOefKL0IOLvncPkxzl2n0CpPhNSHUTO9RNhwD3GW7IFWvtNlz0JcqIs4PTZgL0iTWc0am6OuQmd4n2DoGQax3Dzj--xva-dHRPN3gJs8DydnfAPDIR5Pqtfbk7-uSYZBruJhUJuJG0Ywdw5UessTrsvaBgNBDEKXVTVOn5bjOZDz9Kw4_eGZRyB4Wbcgv9Sn5VVDqPkxY1jY198gZMbXKvVJBLSYiecla7ZYVAOf6-yrp7kq1V_iF4P94TCMChogvb-DspOheh8bokK-yom_eftavFt5XYmZ7aAERT-k4EnBPmdK2TK2BAA6IA4oyk8P-1-qToCuWQw_dFPjaxrTN5fED4miEd9r7NptJgpaQTwXG3X2GHkw4p6LqaUvm8=w116-h103-no | AS52: http://ncrdb.usga.org/ | AT52: 97 | AU52: Me | AW52: 0 | AX52: 0 | AZ52: John Richards | BA52: Palmetto Golf Course - White (18 Holes) | BB52: 0 | BC52: 0

Sheet Score Archive
A1: Name | B1: Over Par | C1: Thru | D1: Display Projection? | E1: Handicap | F1: Course (optional) | G1: Rating | H1: Slope | I1: Gross Score (optional) | J1: # of Holes | K1: Par | L1: Actual Gross | M1: Net Score | N1: Projected Gross | O1: Actual Scratch | P1: Projected Scratch | Q1: Projected Net | R1: Event Type | S1: Photo | T1: Entered by | U1: Created Date/Time | V1: Formatted Created Dttm | W1: Tee Time | X1: Tee Time (to date) | Y1: ID | Z1: Last Updated By | AA1: Last Updated Time | AB1: Formatted Last Updated Dttm | AC1: Entered By Name | AD1: Updated By Name | AE1: Gross (Net) or Tee Time | AF1: Gross (Net) or empty | AG1: Tee Time or Empty | AH1: Total Thru | AI1: Total Over Par | AJ1: Total Over Par (Formatted) | AK1: Gross (Actual Scratch) | AL1: Gross (Projected Scratch) | AM1: Round Progress | AN1: Event Name | AO1: Net Event Points | AP1: Scratch Event Points | AQ1: Hide from score list | AR1: Score Image | AS1: NCRDB | AT1: Score Needed for E | AU1: Me vs. Other Member | AV1: Selected Member | AW1: Thru 0,9,18 (0,1,2,3) | AX1: Total Thru with Override | AY1: Current Location
A2: David Mustard | B2: 19 | C2: 18 | D2: Y | E2: 11.3 | F2: Walnut Creek Golf Preserve - 3 (18 Holes) | G2: 69.9 | H2: 125 | J2: 18 | K2: 72 | L2: 91 | M2: -82 | N2: 91 | O2: 21 | P2: 21 | Q2: 9 | R2: R18 | S2: https://firebasestorage.googleapis.com/v0/b/glide-prod.appspot.com/o/img-uploads%2FGNXfNUSV91nct3RVn9zd%2F0c43b8.jpeg?alt=media | T2: rdewling@gmail.com | U2: 45719.624 | V2: 3/3/25 - 2:58 PM | W2: 45719.624 | X2: Mon 3/3 - 2:58 PM | Y2: dbc8174d-4d21-440a-9f2b-e7469708bbef | AC2: Robby Dewling | AE2: +19(+9) Thru F | AF2: +19(+9) Thru F | AH2: Thru F | AI2: 19 | AJ2: +19 | AK2: +19(+21) Thru F | AL2: +19(+21) Thru F | AM2: 18 | AN2: 1 | AO2: 4 | AP2: 4 | AR2: https://lh3.googleusercontent.com/Y1BGH5wfNUq_6FALjd6GJM9u9uoPOYcyGex1XAxsRdOzIPEnKzIoymBsuWd3FnkIh1sADPvhnLckSPvau475e1Frgdztu2vmyrBE4g0InPaiSlscKMyL02ub1dmA-77T2qpA9WSb20TUT5avXawNU2UnKg740z--El6KHjPP6dKkKWpzzl8aUvQYtHm7RQDjqtpLfljwkHHqfewL5Oo2pcKfbxq41gA-3e-4qvSABiUn5zXFnWZOmGyuqNPXZ36dzqs74uZvxaLVCXDLflg4lnu6iKwW3a8vZkaNBhp5wJQvNKtv2kPvSksFNazb94cwWZSQj_WqsaFE9otVXlC18dycsPOYW4O2jvB5h5QYhUVryYQcdQ1VOpdb5e5shlb4oTeMgtQ6nWd_nARV_v0xk3wUqQI3pvtN_fxeWuS5sHdlwpDAiOpq9tIAeLdIm2gn_OauOAcrx0qc0eBPETSvtbpLBhMjkFxATYQnRenQaIW-yGsvyPz2qx__oS3VHgHgG1IprArR_3qS8QsSrlTQwaXJDsoWSVIsP5QRY-DgzBvTpcYFa9nZMGDuIp-R_Qn0EJvxyyofz79nLB0LrHPJQOwOvg0NBThMsbMevzMmIOAAjofOchigr46t_y63ajVNT1PqB7KBAfPgoDtGUlqyzsXQcUor1RJlTV9FnHIHEdPJ79qYPRZvPO2C=w116-h103-no | AS2: http://ncrdb.usga.org/ | AT2: 82 | AU2: Other Member | AV2: David Mustard | AW2: 3 | AX2: 18 | AZ2: David Mustard | BA2: Walnut Creek Golf Preserve - 3 (18 Holes) | BB2: 18 | BC2: 19
A3: Robby Dewling | B3: 30 | C3: 18 | D3: Y | E3: 7.3 | F3: Wolf Creek Golf Club - Atlanta - Blue (18 Holes) | G3: 71.3 | H3: 138 | J3: 18 | K3: 72 | L3: 102 | M3: -80 | N3: 102 | O3: 31 | P3: 31 | Q3: 22 | R3: R18 | S3: https://storage.googleapis.com/glide-prod.appspot.com/uploads-v2/GNXfNUSV91nct3RVn9zd/pub/wD9y0NT35v2ch7ZEGxQP.jpeg | T3: rdewling@gmail.com | U3: 45719.903 | V3: 3/3/25 - 9:39 PM | W3: 45724.35 | X3: Sat 3/8 - 8:24 AM | Y3: fee30541-44ae-474e-9834-ea936489e5af | Z3: rdewling@gmail.com | AA3: 45720.661 | AB3: 3/4/25 - 3:51 PM | AC3: Robby Dewling | AD3: Robby Dewling | AE3: +30(+22) Thru F | AF3: +30(+22) Thru F | AH3: Thru F | AI3: 30 | AJ3: +30 | AK3: +30(+31) Thru F | AL3: +30(+31) Thru F | AM3: 18 | AN3: 1 | AO3: 8 | AP3: 9 | AR3: https://lh3.googleusercontent.com/3xyDZ7TS4O2SDR58AecMJRHMeDONv01vDQ42Jok_k4uKRU4x0sipaWM4pBjDXIPgdGQE4TxjnZ8waEGvF79xiM93bH3TS_PyYALdbTF5Jb0lM6Au77ZfqIN69Kqi-C8MMMNAVRJ32SgAisyr0Gp83cjvMWK_JYkerEoOs-PM_1005iJY4UnAdwfvLEZqdF3CPDveUUMKamxqsYJ4xt-x0Y1Qoht7C5vNcR_T9To7pDty6nAmYS3rMf3f1ygq9BchXsysoEzbu_RQKYNen1MrVgGRQ1Uerw-4rssqLkuGk_sixTBnt-FdRceVAG8qxBM7Z8qraQXujIO9zLPxJGZE6NgHZFfkkf39ErFiJ0oCYmsvSxQHV6WEhU8phRUQ1fk6forkkpD6YPCtxmv1b1Em3406Vik-RGxnwdOk6bBIZmcKUpR8iG956PXmxJKLZN1zrh_aJUcpM7YuZOAcODj4vEvkyS_vR8BsDjjfMYMTHBBD7KusL48GZqe2J0NnVnyeoVzSk98RAi5wKiPYBqCvpRaTlaNOwDvyLiplbp727k9oeyOKs6jnRvnWfPNxEMOtVau4o94IPrO687P0YOeg_84BWz1s_iLbTC3-utK5IRdciWRfcdkIBYy738AMEHd44u03sV8y4X1StIQCSIK0jnAzXEsS8FRn3ZckspWyqy9iPTIJeuacnWY=w116-h103-no | AS3: http://ncrdb.usga.org/ | AT3: 80 | AU3: Me | AW3: 3 | AX3: 18 | AZ3: Robby Dewling | BA3: Wolf Creek Golf Club - Atlanta - Blue (18 Holes) | BB3: 18 | BC3: 30
A4: Cory Arnwine | B4: 26 | C4: 18 | D4: Y | E4: 13.7 | F4: Wolf Creek Golf Club - Atlanta - Blue (18 Holes) | G4: 71.3 | H4: 138 | J4: 18 | K4: 72 | L4: 98 | M4: -87 | N4: 98 | O4: 27 | P4: 27 | Q4: 11 | R4: R18 | S4: https://storage.googleapis.com/glide-prod.appspot.com/uploads-v2/GNXfNUSV91nct3RVn9zd/pub/ZVOcGslXfVNwGSOfc3Rm.jpeg | T4: rdewling@gmail.com | U4: 45719.904 | V4: 3/3/25 - 9:41 PM | W4: 45724.35 | X4: Sat 3/8 - 8:24 AM | Y4: 4d88d8ab-c520-40cc-96ce-71ac24b2ad5a | Z4: rdewling@gmail.com | AA4: 45720.661 | AB4: 3/4/25 - 3:51 PM | AC4: Robby Dewling | AD4: Robby Dewling | AE4: +26(+11) Thru F | AF4: +26(+11) Thru F | AH4: Thru F | AI4: 26 | AJ4: +26 | AK4: +26(+27) Thru F | AL4: +26(+27) Thru F | AM4: 18 | AN4: 1 | AO4: 2 | AP4: 3 | AR4: https://lh3.googleusercontent.com/f6LT_lgvoBwAyCd1sOsB9IYSw2qg3QHVyMWdO_7_wfTeDbkpoWIy6Dwt5WV-TwMkw2biER9MNxYwfQb74buf2sGfjItNh4fRVvuCi-3KNGWhTGNnZEQ85TAU7r2D_erZpQQrocEExyUTY0aj7AkkuDB0xPZeQBG3-bQsf0yeaZLk0uSkPpXWhifH47EUhLPgDgVi2JbpcW-V2LuRm9PmQJOREntVMpnUSnjwtJe6xqOEgkliHM7x2MvBQw6Upj6NiJBZP_PkjIaJWz5WMeDcZJ_sOa78_SLcPO7N9CG14YNG2bk9LTFd2a5qGceZtm1fmxr1faYJKP6RiiwrskYiMMUFvIXntjRnPQ-uWYPlYXlW5Oekp3X-yX5Fqs_zNTir9GMzhkpBBdBX-35IF1aiht4loB-ydzjwouQ8ihdupP4_VQd9yDTFB3766Bg49Shza4bfhMgod0H0KJkbkqZq3w1X0D1ChC40j07bqI2PskwsMRl1WM5NaZA5GJzC-VWYxJAWgvBq1k_bWFVjsn52HMqkRglBh5YBE9-vu1SpOgC-m6GGNc8th3p0ISxNd4ERocUdSo9seYcLY5Uy8s8AeJDi6bT5cUr0K6f5Gl74zN2LQ8yANlWdq4ruSgXFT6FctCmRpuyzklRH963LGip6-hv37WNRh4kaPk0fyOhQJHmNhLLTKyb238Q=w116-h103-no | AS4: http://ncrdb.usga.org/ | AT4: 87 | AU4: Other Member | AV4: Cory Arnwine | AW4: 3 | AX4: 18 | AZ4: Cory Arnwine | BA4: Wolf Creek Golf Club - Atlanta - Blue (18 Holes) | BB4: 18 | BC4: 26
A5: Devin Blankenship | B5: 10 | C5: 18 | D5: Y | E5: 8.7 | F5: Wicker Point - III (18 Holes) | G5: 71 | H5: 132 | J5: 18 | K5: 71 | L5: 81 | M5: -81 | N5: 81 | O5: 10 | P5: 10 | Q5: 0 | R5: R18 | S5: https://storage.googleapis.com/glide-prod.appspot.com/uploads-v2/GNXfNUSV91nct3RVn9zd/pub/3IF1Dcz5QrdTlzpion8b.jpeg | T5: rdewling@gmail.com | U5: 45720.63 | V5: 3/4/25 - 3:06 PM | X5: Sat 12/30 - 12:00 AM | Y5: e10c43af-5001-4b32-a994-6c609606f499 | AC5: Robby Dewling | AE5: +10(E) Thru F | AF5: +10(E) Thru F | AH5: Thru F | AI5: 10 | AJ5: +10 | AK5: +10(+10) Thru F | AL5: +10(+10) Thru F | AM5: 18 | AN5: 1 | AO5: 10 | AP5: 10 | AR5: https://lh3.googleusercontent.com/QG1aIdUSDImQrtI7DLJap9XYjNgx1ajuEgWzl3ZzKARNR-Un6cFp8Ko63sAVuUxXlh4ZYSu0T2akQQx-nI67usFPhS5dUYuNQX9jUMcjHQM2eevGXkV-1DKg_rbxlAikK6qn3nwYPk_3a27vEVc9canRX5mn5he1Dmpp5EL_y2Gi6am3kH1684HbQxXxIUvmadxjo0TDdZs3nnf9mQwJ16rdspybKV3vpKhVG8JSDW1icF0wTm03Ij3p6WAkBLoqo_jFarA1aF57xrTfT1AVJYqzgGK2wTFV365k422dvYgqHCTUXOaq8iKHCuOefKL0IOLvncPkxzl2n0CpPhNSHUTO9RNhwD3GW7IFWvtNlz0JcqIs4PTZgL0iTWc0am6OuQmd4n2DoGQax3Dzj--xva-dHRPN3gJs8DydnfAPDIR5Pqtfbk7-uSYZBruJhUJuJG0Ywdw5UessTrsvaBgNBDEKXVTVOn5bjOZDz9Kw4_eGZRyB4Wbcgv9Sn5VVDqPkxY1jY198gZMbXKvVJBLSYiecla7ZYVAOf6-yrp7kq1V_iF4P94TCMChogvb-DspOheh8bokK-yom_eftavFt5XYmZ7aAERT-k4EnBPmdK2TK2BAA6IA4oyk8P-1-qToCuWQw_dFPjaxrTN5fED4miEd9r7NptJgpaQTwXG3X2GHkw4p6LqaUvm8=w116-h103-no | AS5: http://ncrdb.usga.org/ | AT5: 81 | AU5: Other Member | AV5: Devin Blankenship | AW5: 3 | AX5: 18 | AZ5: Devin Blankenship | BA5: Wicker Point - III (18 Holes) | BB5: 18 | BC5: 10
A6: Hastings Westphal | D6: Y | E6: 13.9 | F6: Augusta National Golf Club - Member (18 Holes) | G6: 70.7 | H6: 121 | I6: 98 | J6: 18 | K6: 72 | L6: 98 | M6: 13 | N6: 85 | O6: 27 | P6: 27 | Q6: 13 | R6: R18 | S6: https://firebasestorage.googleapis.com/v0/b/glide-prod.appspot.com/o/img-uploads%2FGNXfNUSV91nct3RVn9zd%2Ffdee84.jpeg?alt=media | T6: rdewling@gmail.com | U6: 45723.438 | V6: 3/7/25 - 10:30 AM | X6: Sat 12/30 - 12:00 AM | Y6: a4e40bc6-1736-4f3b-a371-b9b0d68fcd84 | AC6: Robby Dewling | AE6: +26(+13) Thru F | AF6: +26(+13) Thru F | AH6: Thru F | AI6: 26 | AJ6: +26 | AK6: +26(+27) Thru F | AL6: +26(+27) Thru F | AM6: 18 | AN6: 1 | AO6: 6 | AP6: 5 | AR6: https://lh3.googleusercontent.com/jptbJqYhCxwFeCuY14_90wOb97T61dzw7P5PBtUxI-rkP7fxTr86iDn1JZUsiE-ke_2PEZsUpweDhJm2ZurNfyS85r06LjQ_bTc7NNRB1POtzApg0xmvnNl_uDXaJ4eGjBaIJEPxPXCkyavf-fuRT6BooF5dSrtrwfo78qS8P-KglwEWQL5oldD3W8-e0vZHRCsWn-W4A91yPFrwoIT-UupOSFzvEx-7K-kgtW0z4rYe-I-vfa1HPv8nnB6lmm5wiylgfUbGYpJPuBjkbQKk-j9qlyPNeyoKD2ndFZamAYrzLpP9Z5fABdbuQeULX8mPV0OJvRcrM-vgAo6kxLV1CSUtidpdiKZuweWYC7YbeGLYuut4ywSV_yUqVVUGZR6_23eQWRAOs00V98UgUWEeapqINvnB_wn9m5XUTTFAgiGx09qj6WiOeNHWqzfboGQV54iJ0r_-IyU8iIVVkeZi2deunipY0VFPQX5JkxK28UDZycyDMfVdI3meEtddT9Ysz6FKq-tRgMFjSY6Ep7YP7XJUfHhZ8TOHxlqrE5he-W1ILcRimYIHLUlZ6rQEcj7P8_gxe1Nj-W0dLF5x_88q8ty-Fp3I_uwU1EsqJfTF6QS_4tsDYVwh00gBHJ2fjT-vjUMu7XkV7yOxI6Jzw9uPE5hWNc2XD7tWVJqKJ38Da407xi0nVBZsm_o=w116-h103-no | AS6: http://ncrdb.usga.org/ | AT6: 85 | AU6: Other Member | AV6: Hastings Westphal | AW6: 3 | AX6: 18 | AZ6: Hastings Westphal | BA6: Augusta National Golf Club - Member (18 Holes)
A7: Hastings Westphal | D7: Y | E7: 13.9 | F7: Augusta National Golf Club - Member (18 Holes) | G7: 70.7 | H7: 121 | I7: 91 | J7: 18 | K7: 72 | L7: 91 | M7: 6 | N7: 85 | O7: 20 | P7: 20 | Q7: 6 | R7: R18 | S7: https://firebasestorage.googleapis.com/v0/b/glide-prod.appspot.com/o/img-uploads%2FGNXfNUSV91nct3RVn9zd%2Ffdee84.jpeg?alt=media | T7: rdewling@gmail.com | U7: 45724.274 | V7: 3/8/25 - 6:35 AM | W7: Sat 12/30 - 12:00 AM | X7: Sat 12/30 - 12:00 AM | Y7: f86039d8-8b0e-4981-b279-941622d4978e | AC7: Robby Dewling | AE7: +19(+6) Thru F | AF7: +19(+6) Thru F | AH7: Thru F | AI7: 19 | AJ7: +19 | AK7: +19(+20) Thru F | AL7: +19(+20) Thru F | AM7: 18 | AN7: 1 | AO7: 6 | AP7: 5 | AR7: https://lh3.googleusercontent.com/Gi7veismj6d99JVt7CQrjL0XTY-r5QRbgyXKckj4F2gupO4EAQeQawfhwK3671nOmSkDxfUGY3sagxYRSrxS4ZD1FNF6zc8P2axGqE7EBKRiAfn7aVVq7tqUieBE4jMdMdMDCbrpiP1JmyzVYdpNiUiG5aSIEYO4M1J_0ymq_YKvWWeGdfBGfk5Kf5k7X-IlDG2FhNMzPw7K0oi1vP5CMr5d1scyhhMEkwV0o_L3-dgG-4dpvwy2omZYIWjRKSSqcxRCcNe04H8dkTLZ7W47ZIL-3XPNI6RXID5cai4FbWkrhq94i7kkk6_B8uYAcVd61_8zfBH0DpBeryEoDnzjuzDj3BeZTavzyb8JBiUdalZKT6cQdoj-JN0Dycm01uT5VVaS6nz81JPy49BEhXJSREV53uq6ZGhECMsDGERamAsUSiMMDHi4Fsfe36LajOyFXsldFOBgN4Q7X5IC29SGRqL2FgEe2fu7XjEjy_YPkJd1AVc816_jKa4HjfA63dq9wBFgJAZFYZYY7OPfhhj5J7hdSrW6H4fAqPNcfC_eYV_cgQjzqZ4IgA8mKYQKyKNpYynZ3vFjKqKlfpaRVe8LqRkG6hoEJ6n94TVVueRRRxw0qTV9c04zmjlgzNO0AM4JO5Dk_b2t2C-EETotBzLQcGqvjQX8FL_lLYhdPlhO6LNdB58HNKEOcXJ_=w116-h103-no | AS7: http://ncrdb.usga.org/ | AT7: 85 | AU7: Other Member | AV7: Hastings Westphal | AW7: 3 | AX7: 18 | AZ7: Hastings Westphal | BA7: Augusta National Golf Club - Member (18 Holes)
A8: George Lane | D8: Y | E8: 8.6 | F8: Heritage Golf Links - Heritage/Tradition - Blue (18 Holes) | G8: 69.3 | H8: 136 | I8: 89 | J8: 18 | K8: 71 | L8: 89 | M8: 10 | N8: 79 | O8: 20 | P8: 20 | Q8: 10 | R8: R18 | S8: https://firebasestorage.googleapis.com/v0/b/glide-prod.appspot.com/o/img-uploads%2FGNXfNUSV91nct3RVn9zd%2Fb607eb.jpeg?alt=media | T8: rdewling@gmail.com | U8: 45724.275 | V8: 3/8/25 - 6:35 AM | X8: Sat 12/30 - 12:00 AM | Y8: f543def7-9536-40d8-9061-0486f4d3e120 | AC8: Robby Dewling | AE8: +18(+10) Thru F | AF8: +18(+10) Thru F | AH8: Thru F | AI8: 18 | AJ8: +18 | AK8: +18(+20) Thru F | AL8: +18(+20) Thru F | AM8: 18 | AN8: 1 | AO8: 3 | AP8: 6 | AR8: https://lh3.googleusercontent.com/5ZlbW3TKdjJFToqMJgLuB2Rh55eAQZeql2fkbPHtH-0MzHMpgUMsjd6qBLkLUU5WonSzJ2i3La4_P0gy9b2bMntKwMDsITsY7920TIzFZE2ns5Poyu_HfVprP9TkHTQDT0syYK6iyBmIpvvzR5zxUxSRWfjY9ZlRWUieV1RwNh4ROY2-V7AtyY-pV2AfOpkrfpezVc_KgIVpUrT5Lo2_hRbfrFsOeFmv6vD9ftrdFRlBWLAbrWPIuAuews7tLnYJa275nka-iwBQknWMTMjlUc2cbIDwq_pM3EJkko-rILrmBwwDne6Asy8YNf382Cu15P0ZGg6GLrV1cgND4of3FRwRartF4azpghz77F0rh_-EW58yJM6nnY16RME8ky8v-3m_2WBabofDN6c0kADOObcXkrn3b8k2EfEUf5zen4_p4dZIF6UlaZOFMlEpYrh-L5uomXezcQNSXzgxlmkXVUnNg4RLgervQHO8Qo_aisaDwKlielwij7mkpmzvQ2o4JpBUumBL0e2yN5NLHJothNtUkyVEPEzSMlTj45_-6kgacUjgnAEE4uT4FImI2WjsIUI_Q3Mf9Rs5LCrMkcmRqGzBxHpmwOAp9H9qkwigMmAPrCrAk41z4URik0tjoOSKMTproiwWqfIgVhnP9X4pxDY9CpOGIpcDB1UXxeMBbwxeBaliQOYjnjUs=w116-h103-no | AS8: http://ncrdb.usga.org/ | AT8: 79 | AU8: Other Member | AV8: George Lane | AW8: 3 | AX8: 18 | AZ8: George Lane | BA8: Heritage Golf Links - Heritage/Tradition - Blue (18 Holes)
A9: Alex Edson | B9: 18 | C9: 18 | D9: Y | E9: 9.5 | F9: Brown's Mill Golf Course - Blue (18 Holes) | G9: 71.1 | H9: 126 | J9: 18 | K9: 72 | L9: 90 | M9: -81 | N9: 90 | O9: 19 | P9: 19 | Q9: 9 | R9: R18 | S9: https://storage.googleapis.com/glide-prod.appspot.com/uploads-v2/GNXfNUSV91nct3RVn9zd/pub/MXbvc7EbvlbCRBjsPjcA.jpg | T9: ar3dson@gmail.com | U9: 45725.485 | V9: 3/9/25 - 11:38 AM | X9: Sat 12/30 - 12:00 AM | Y9: cb954319-53ae-4e98-a261-258c9956a78a | AC9: Alex Edson | AE9: +18(+9) Thru F | AF9: +18(+9) Thru F | AH9: Thru F | AI9: 18 | AJ9: +18 | AK9: +18(+19) Thru F | AL9: +18(+19) Thru F | AM9: 18 | AN9: 1 | AO9: 7 | AP9: 8 | AR9: https://lh3.googleusercontent.com/Y1BGH5wfNUq_6FALjd6GJM9u9uoPOYcyGex1XAxsRdOzIPEnKzIoymBsuWd3FnkIh1sADPvhnLckSPvau475e1Frgdztu2vmyrBE4g0InPaiSlscKMyL02ub1dmA-77T2qpA9WSb20TUT5avXawNU2UnKg740z--El6KHjPP6dKkKWpzzl8aUvQYtHm7RQDjqtpLfljwkHHqfewL5Oo2pcKfbxq41gA-3e-4qvSABiUn5zXFnWZOmGyuqNPXZ36dzqs74uZvxaLVCXDLflg4lnu6iKwW3a8vZkaNBhp5wJQvNKtv2kPvSksFNazb94cwWZSQj_WqsaFE9otVXlC18dycsPOYW4O2jvB5h5QYhUVryYQcdQ1VOpdb5e5shlb4oTeMgtQ6nWd_nARV_v0xk3wUqQI3pvtN_fxeWuS5sHdlwpDAiOpq9tIAeLdIm2gn_OauOAcrx0qc0eBPETSvtbpLBhMjkFxATYQnRenQaIW-yGsvyPz2qx__oS3VHgHgG1IprArR_3qS8QsSrlTQwaXJDsoWSVIsP5QRY-DgzBvTpcYFa9nZMGDuIp-R_Qn0EJvxyyofz79nLB0LrHPJQOwOvg0NBThMsbMevzMmIOAAjofOchigr46t_y63ajVNT1PqB7KBAfPgoDtGUlqyzsXQcUor1RJlTV9FnHIHEdPJ79qYPRZvPO2C=w116-h103-no | AS9: http://ncrdb.usga.org/ | AT9: 81 | AU9: Me | AW9: 3 | AX9: 18 | AZ9: Alex Edson | BA9: Brown's Mill Golf Course - Blue (18 Holes) | BB9: 18 | BC9: 18
A10: Blake Addleton | B10: 15 | C10: 18 | D10: Y | E10: 14.6 | F10: Rocky Branch GC - Gold (18 Holes) | G10: 71.2 | H10: 126 | J10: 18 | K10: 72 | L10: 87 | M10: -87 | N10: 87 | O10: 16 | P10: 16 | Q10: 0 | R10: R18 | S10: https://firebasestorage.googleapis.com/v0/b/glide-prod.appspot.com/o/img-uploads%2FGNXfNUSV91nct3RVn9zd%2F26de63.jpeg?alt=media | T10: baddleton@gmail.com | U10: 45730.574 | V10: 3/14/25 - 1:47 PM | X10: Sat 12/30 - 12:00 AM | Y10: 7848ab0b-0883-4b33-916a-e028b77899c5 | AC10: Blake Addleton | AE10: +15(E) Thru F | AF10: +15(E) Thru F | AH10: Thru F | AI10: 15 | AJ10: +15 | AK10: +15(+16) Thru F | AL10: +15(+16) Thru F | AM10: 18 | AN10: 1 | AO10: 9 | AP10: 7 | AR10: https://lh3.googleusercontent.com/QG1aIdUSDImQrtI7DLJap9XYjNgx1ajuEgWzl3ZzKARNR-Un6cFp8Ko63sAVuUxXlh4ZYSu0T2akQQx-nI67usFPhS5dUYuNQX9jUMcjHQM2eevGXkV-1DKg_rbxlAikK6qn3nwYPk_3a27vEVc9canRX5mn5he1Dmpp5EL_y2Gi6am3kH1684HbQxXxIUvmadxjo0TDdZs3nnf9mQwJ16rdspybKV3vpKhVG8JSDW1icF0wTm03Ij3p6WAkBLoqo_jFarA1aF57xrTfT1AVJYqzgGK2wTFV365k422dvYgqHCTUXOaq8iKHCuOefKL0IOLvncPkxzl2n0CpPhNSHUTO9RNhwD3GW7IFWvtNlz0JcqIs4PTZgL0iTWc0am6OuQmd4n2DoGQax3Dzj--xva-dHRPN3gJs8DydnfAPDIR5Pqtfbk7-uSYZBruJhUJuJG0Ywdw5UessTrsvaBgNBDEKXVTVOn5bjOZDz9Kw4_eGZRyB4Wbcgv9Sn5VVDqPkxY1jY198gZMbXKvVJBLSYiecla7ZYVAOf6-yrp7kq1V_iF4P94TCMChogvb-DspOheh8bokK-yom_eftavFt5XYmZ7aAERT-k4EnBPmdK2TK2BAA6IA4oyk8P-1-qToCuWQw_dFPjaxrTN5fED4miEd9r7NptJgpaQTwXG3X2GHkw4p6LqaUvm8=w116-h103-no | AS10: http://ncrdb.usga.org/ | AT10: 87 | AU10: Me | AW10: 3 | AX10: 18 | AZ10: Blake Addleton | BA10: Rocky Branch GC - Gold (18 Holes) | BB10: 18 | BC10: 15
A11: Robby Dewling | B11: 12 | C11: 18 | D11: Y | E11: 7.3 | F11: Brown's Mill Golf Course - Blue (18 Holes) | G11: 71.1 | H11: 126 | J11: 18 | K11: 72 | L11: 84 | M11: -79 | N11: 84 | O11: 13 | P11: 13 | Q11: 5 | R11: R18 | S11: https://storage.googleapis.com/glide-prod.appspot.com/uploads-v2/GNXfNUSV91nct3RVn9zd/pub/wD9y0NT35v2ch7ZEGxQP.jpeg | T11: rdewling@gmail.com | U11: 45730.913 | V11: 3/14/25 - 9:55 PM | W11: 45731.656 | X11: Sat 3/15 - 3:45 PM | Y11: 5ccbc506-3ce8-4e7b-81ed-a9cf90107428 | AC11: Robby Dewling | AE11: +12(+5) Thru F | AF11: +12(+5) Thru F | AH11: Thru F | AI11: 12 | AJ11: +12 | AK11: +12(+13) Thru F | AL11: +12(+13) Thru F | AM11: 18 | AN11: 1 | AO11: 8 | AP11: 9 | AR11: https://lh3.googleusercontent.com/Xq4CqLEu4NPhnQxopkOXNzg87Nk34O-TjIWjI8Y1j4C8dyEigSztrK3jQDfs0WLALBvNE_E9HUwKPmhv16d1aWeulgQNe6Nt2lMAvlFB_maKj9Lx37DeWQcB-ChkZqIw0jW9_OWuPS2ZDGPjNqozmKH_-zH5zrCbgseJByRYFJAJhnFI-Mk3WcFjmvsEHa_fLl0pgiBbvlhHHGZ9jhFbouJEUdq5WHNFMlgzUqneLZvbYZoEKSZ_IVLL64ppz2M4_DRu2bRjVEtU_DhT4DaSruv2nLHsucbH6sn3ETcFjQ3WSt6CKmz8im-UK0NI3fo02YoVRsRN5W7PnwQQbNIStnEqwvYnfeB4-OsuJuAK2I5GV9MTyGcnJEMBCi9hq9v_zHXBZkNBPqWm8bjsnL5gqkcb3stAZxdg_O8PqSfIKFv5KSkR71g6YKe6HgY8XtBN2Yho4agxCsSjcCNSlRZsliwoML69lGqJeSnmMGrJ3hYu45AFKRY5rFEhhid_ageQRbnfXDnp9_g6T-hg3_lRRTdXAFpZYNc6mwahxHJOGzoMzy3XgTVWrVP8Q2ABDEGxsvpJPw8Jm7wCN-Uk48pcETE5GwBYTZggp6Gw5MHS9yl8lKTVyGwXcAPW-BM-itteOyPe2fmyKYc2H5WrIezXN3biW8H27GXS4SZRYRoKw828zmbjSsamVTZT=w116-h102-no | AS11: http://ncrdb.usga.org/ | AT11: 79 | AU11: Me | AW11: 3 | AX11: 18 | AZ11: Robby Dewling | BA11: Brown's Mill Golf Course - Blue (18 Holes) | BB11: 18 | BC11: 12
A12: Grady Bunn | B12: 27 | C12: 18 | D12: Y | E12: 13.6 | F12: Legacy at Lanier - Blue (18 Holes) | G12: 71.2 | H12: 138 | J12: 18 | K12: 72 | L12: 99 | M12: -87 | N12: 99 | O12: 28 | P12: 28 | Q12: 12 | R12: R18 | S12: https://lh3.googleusercontent.com/gQ_FaH2AF_jSJxRNubfcwX3XqG6dcE7KFTHqzUDgdA65lfy57Xnyo2e7D9_ADkXMZDwDprlQ0N8SlSm05CAfkEcLacfWCA0iqKpi5-HBqfCMD3rKMs77CSSzBgDIJPtHWC8lCOtteTiqTljHAcT1-cFtDPSLAC6ryzrYmGoAoI5BlvKRScFk1OMxT2Bz7pWyjn7fkq5GBrAkO1IuaNMgVljRyHjVn3j4j-oL8pGhycJUFlz1nuyea1eDCSU4IwYOfCGfLzodUa4OwrJmuf6CodGiJCB5VR6MYxBUylhMQYa5E-KczOv0t11ByK7uOpvrKtoTdi3tqJvaWgVC0nTYAMlVv7e5sH6_p8vg7h41LS898KW48eXRhJFrAGO2OzZeiy-xOyfD6hxeZ0flReFuhDSrrxF-X-EOf3dMk0FFIcO3TMNC2dzAGzhmpOUwNWKPidDdV_0I2k3dvG7Dguy5auAKUDTJgjgpetzcK5KElhRL-ZdNA6s39BoQgHpB7hsJsw2DZfT2_4ftVj4a-CN6iJdHTdb8QMjIAzCxDiUFlaDUXPHsUo1O8mt6ISJfruKOjsoClx4lDsa_J3M6Bu6h6rojA-_Vu7bbIWAGYFOafxWG3Xq9cqTcI2DGtkLFQg646TzUbrVkNyEGW0xTZxdRUKl7re6bW-F9JbDnigcq-d1XKLtY6P-l7sKdDxo9e-Q9nxMbMaItT4Bio7fNSvFa8gUDuTD_WHt9rtrljgqiOhmxX6Gr=w1250-h937-no | T12: grady.bunn@gmail.com | U12: 45730.92 | V12: 3/14/25 - 10:04 PM | W12: 45731.354 | X12: Sat 3/15 - 8:30 AM | Y12: 91833150-7e69-4e5c-9b4b-8a0aae53e38d | Z12: grady.bunn@gmail.com | AA12: 45731.4 | AB12: 3/15/25 - 9:36 AM | AC12: Grady Bunn | AD12: Grady Bunn | AE12: +27(+12) Thru F | AF12: +27(+12) Thru F | AH12: Thru F | AI12: 27 | AJ12: +27 | AK12: +27(+28) Thru F | AL12: +27(+28) Thru F | AM12: 18 | AN12: 1 | AO12: 1 | AP12: 2 | AR12: https://lh3.googleusercontent.com/d6XgkJYgYBB3KRLMb7bCiLX5DedLwt9ycSBejXeKkvaK_60xnWDLzGjcNs2XAF5MmnTCtQ6x03tyzfnUhBNr5IMxh_n2Z9u2YsG5qH8ihx0E7a5NiD4IsNlf4LkTZgVdWHzzzBNSnKzmiU-TMVXGUTKUs9BVmY5hHcin0dy0uYxkK5l8bSIz6KJ8TYx-zve9Z-Ys0wTxLy_KfXqETmSHUUdRYpe4HQ1gOG0eWGECi6eWJSPoHELPhQ4ArFb1yVS5n8CqrFM6ili8d7dNEyB-F90VUexs6_zpWBQrKxEiynQEgXdy2Kis4iGQof0JAIFvF1ATL69UAcKsx6mez8VCfwIQlTpvnKAbtUkR0iOJn4VVl46iMuORgiCHEi5749vTjqG_lEYA_j4LqmfXwJ3C9mv8M7vn6lj2z_IAc_Q9eCNDvMtT9kKvJc5wfNi8_X5thA2Bayfgqi5FcOJhCvnzZquqCu9HqsrcwkqdK0kK4nIrVdyjC3FkIqDsqF65SKOUU0TeL9NweDfDnDjA_Tco48WkgE52_3ZEqhIghii6cY-Adhb_wKPS5Xk-LPjC4nzFxX6LVLlsZ9llLHXqjrlcsPyS4imXcxVT95_w-XKh3zVjoQuRZ756VzjdX_yPVMYih8hzX1lHAOoeSEPayOu7KU9WWMXs5JL6sPq3FshQY-Ig2yIyhMlWQE8v=w116-h103-no | AS12: http://ncrdb.usga.org/ | AT12: 87 | AU12: Me | AW12: 3 | AX12: 18 | AZ12: Grady Bunn | BA12: Legacy at Lanier - Blue (18 Holes) | BB12: 18 | BC12: 27
A13: Ashby Foltz | B13: 29 | C13: 18 | D13: Y | E13: 18.1 | F13: Legacy at Lanier - Blue (18 Holes) | G13: 71.2 | H13: 138 | J13: 18 | K13: 72 | L13: 101 | M13: -92 | N13: 101 | O13: 30 | P13: 30 | Q13: 9 | R13: R18 | S13: https://minervatour.files.wordpress.com/2019/10/img_5277.jpg | T13: rdewling@gmail.com | U13: 45731.44 | V13: 3/15/25 - 10:33 AM | W13: 45731.354 | X13: Sat 3/15 - 8:30 AM | Y13: b27448c1-ca44-49ee-9721-64dd3b3122b3 | Z13: rdewling@gmail.com | AA13: 45731.44 | AB13: 3/15/25 - 10:34 AM | AC13: Robby Dewling | AD13: Robby Dewling | AE13: +29(+9) Thru F | AF13: +29(+9) Thru F | AH13: Thru F | AI13: 29 | AJ13: +29 | AK13: +29(+30) Thru F | AL13: +29(+30) Thru F | AM13: 18 | AN13: 1 | AO13: 5 | AP13: 1 | AR13: https://lh3.googleusercontent.com/Y1BGH5wfNUq_6FALjd6GJM9u9uoPOYcyGex1XAxsRdOzIPEnKzIoymBsuWd3FnkIh1sADPvhnLckSPvau475e1Frgdztu2vmyrBE4g0InPaiSlscKMyL02ub1dmA-77T2qpA9WSb20TUT5avXawNU2UnKg740z--El6KHjPP6dKkKWpzzl8aUvQYtHm7RQDjqtpLfljwkHHqfewL5Oo2pcKfbxq41gA-3e-4qvSABiUn5zXFnWZOmGyuqNPXZ36dzqs74uZvxaLVCXDLflg4lnu6iKwW3a8vZkaNBhp5wJQvNKtv2kPvSksFNazb94cwWZSQj_WqsaFE9otVXlC18dycsPOYW4O2jvB5h5QYhUVryYQcdQ1VOpdb5e5shlb4oTeMgtQ6nWd_nARV_v0xk3wUqQI3pvtN_fxeWuS5sHdlwpDAiOpq9tIAeLdIm2gn_OauOAcrx0qc0eBPETSvtbpLBhMjkFxATYQnRenQaIW-yGsvyPz2qx__oS3VHgHgG1IprArR_3qS8QsSrlTQwaXJDsoWSVIsP5QRY-DgzBvTpcYFa9nZMGDuIp-R_Qn0EJvxyyofz79nLB0LrHPJQOwOvg0NBThMsbMevzMmIOAAjofOchigr46t_y63ajVNT1PqB7KBAfPgoDtGUlqyzsXQcUor1RJlTV9FnHIHEdPJ79qYPRZvPO2C=w116-h103-no | AS13: http://ncrdb.usga.org/ | AT13: 92 | AU13: Other Member | AV13: Ashby Foltz | AW13: 3 | AX13: 18 | AZ13: Ashby Foltz | BA13: Legacy at Lanier - Blue (18 Holes) | BB13: 18 | BC13: 29
A14: Devin Blankenship | D14: Y | E14: 8.7 | F14: Wicker Point - III (18 Holes) | G14: 71 | H14: 132 | I14: 78 | J14: 18 | K14: 71 | L14: 78 | M14: -3 | N14: 81 | O14: 7 | P14: 7 | Q14: -3 | R14: R18 | S14: https://storage.googleapis.com/glide-prod.appspot.com/uploads-v2/GNXfNUSV91nct3RVn9zd/pub/3IF1Dcz5QrdTlzpion8b.jpeg | T14: rdewling@gmail.com | U14: 45731.912 | V14: 3/15/25 - 9:53 PM | W14: Sat 12/30 - 12:00 AM | X14: Sat 12/30 - 12:00 AM | Y14: 9b507803-ca69-4969-a0c8-68099ccb46f2 | AC14: Robby Dewling | AE14: +7(-3) Thru F | AF14: +7(-3) Thru F | AH14: Thru F | AI14: 7 | AJ14: +7 | AK14: +7(+7) Thru F | AL14: +7(+7) Thru F | AM14: 18 | AN14: 1 | AO14: 10 | AP14: 10 | AR14: https://lh3.googleusercontent.com/tX5Isztzx1OoFrPJNQkRfEEnBALLLhljVk1z80zv_uyBL4aMbZVnqpDtitxxFPM7ba47NULJ4nGCG0AhgY9x6tILqDQKPVzT9XDkSA9CjnZlAQFccDnkUBUVlPVIJJyRAWW6vZ5315R_bTfRcxvv9814_fdU_FoSYaHqA87EMkoFWL27VhQTPrTIdI6SQZwLsOt0sc97iUhA2lL0NWlKYcXxM0xYQc7MJXXNK_LR2KoAMG05NjpkcqB4nDfm0NxdQnroQcn0IJDf2cyBirOAi8gBCxJwHKcpBxUTBHO158-65jMwmKZa7Fs8UKOvS_vUG8PUYEVSOIwKuOqUbOc7eXZkYqnub1LQgwMTyq3-ISnSSNcT70q7EcyesVlLM4YV6FZpEWSThmXLfvakkpeLPnLnrnoS3qBTH_84BaJG9OdJxQ28nzkPYXQPgjRBkClUzctGVqfDB2pQvQplUu7kTktEdiHSDj1N9OJ9AXggg9NT-pMMGWmI78GDuxT2vtOXMzr35y-jupJPeR4F6o2_ryCqIZmCJNBJgOCw3cpnv3BYyW0vQFEEUZQiL4N2UtYGs8KX-P_wV_0UlokPGH4JSFvjrpAhEREzun9Yb5GmUWPmuC1mcUHwz6BPxWxpn9ky0igAIwttMcsrUvMBrSoTfGbqXYfasTOCnzmKcsY96UxDDpWdqCVE5Cg=w116-h103-no | AS14: http://ncrdb.usga.org/ | AT14: 81 | AU14: Other Member | AV14: Devin Blankenship | AW14: 3 | AX14: 18 | AZ14: Devin Blankenship | BA14: Wicker Point - III (18 Holes)
A15: Alex Edson | B15: 11 | C15: 14 | D15: Y | E15: 9.5 | F15: Mystery Valley Golf Club - Blue (18 Holes) | G15: 71.6 | H15: 127 | I15: 88 | J15: 18 | K15: 72 | L15: 88 | M15: 6 | N15: 85 | O15: 16 | P15: 16 | Q15: 6 | R15: R18 | S15: https://storage.googleapis.com/glide-prod.appspot.com/uploads-v2/GNXfNUSV91nct3RVn9zd/pub/MXbvc7EbvlbCRBjsPjcA.jpg | T15: rdewling@gmail.com | U15: 45732.467 | V15: 3/16/25 - 11:12 AM | X15: Sat 12/30 - 12:00 AM | Y15: 14f9be97-6ecd-4a4d-921a-139c33209f6e | Z15: ar3dson@gmail.com | AA15: 45732.554 | AB15: 3/16/25 - 1:17 PM | AC15: Robby Dewling | AD15: Alex Edson | AE15: +16(+6) Thru F | AF15: +16(+6) Thru F | AH15: Thru F | AI15: 16 | AJ15: +16 | AK15: +16(+16) Thru F | AL15: +16(+16) Thru F | AM15: 18 | AN15: 1 | AO15: 7 | AP15: 8 | AR15: https://lh3.googleusercontent.com/Gi7veismj6d99JVt7CQrjL0XTY-r5QRbgyXKckj4F2gupO4EAQeQawfhwK3671nOmSkDxfUGY3sagxYRSrxS4ZD1FNF6zc8P2axGqE7EBKRiAfn7aVVq7tqUieBE4jMdMdMDCbrpiP1JmyzVYdpNiUiG5aSIEYO4M1J_0ymq_YKvWWeGdfBGfk5Kf5k7X-IlDG2FhNMzPw7K0oi1vP5CMr5d1scyhhMEkwV0o_L3-dgG-4dpvwy2omZYIWjRKSSqcxRCcNe04H8dkTLZ7W47ZIL-3XPNI6RXID5cai4FbWkrhq94i7kkk6_B8uYAcVd61_8zfBH0DpBeryEoDnzjuzDj3BeZTavzyb8JBiUdalZKT6cQdoj-JN0Dycm01uT5VVaS6nz81JPy49BEhXJSREV53uq6ZGhECMsDGERamAsUSiMMDHi4Fsfe36LajOyFXsldFOBgN4Q7X5IC29SGRqL2FgEe2fu7XjEjy_YPkJd1AVc816_jKa4HjfA63dq9wBFgJAZFYZYY7OPfhhj5J7hdSrW6H4fAqPNcfC_eYV_cgQjzqZ4IgA8mKYQKyKNpYynZ3vFjKqKlfpaRVe8LqRkG6hoEJ6n94TVVueRRRxw0qTV9c04zmjlgzNO0AM4JO5Dk_b2t2C-EETotBzLQcGqvjQX8FL_lLYhdPlhO6LNdB58HNKEOcXJ_=w116-h103-no | AS15: http://ncrdb.usga.org/ | AT15: 82 | AU15: Other Member | AV15: Alex Edson | AW15: 3 | AX15: 18 | AZ15: Alex Edson | BA15: Mystery Valley Golf Club - Blue (18 Holes) | BB15: 14 | BC15: 11
A16: Ashby Foltz | D16: Y | E16: 9.1 | F16: Colleton River Club - Dye Course - White (Front 9) | G16: 35.2 | H16: 138 | I16: 44 | J16: 9 | K16: 36 | L16: 44 | M16: -2 | N16: 46 | O16: 9 | P16: 9 | Q16: -2 | R16: R9 | S16: https://minervatour.files.wordpress.com/2019/10/img_5277.jpg | T16: afoltz3@gmail.com | U16: 45733.594 | V16: 3/17/25 - 2:15 PM | X16: Sat 12/30 - 12:00 AM | Y16: f504af0b-69a1-4891-9d22-c958b5b31b40 | AC16: Ashby Foltz | AE16: +8(-2) Thru F | AF16: +8(-2) Thru F | AH16: Thru F | AI16: 8 | AJ16: +8 | AK16: +8(+9) Thru F | AL16: +8(+9) Thru F | AM16: 18 | AN16: 2 | AO16: 10 | AP16: 3 | AR16: https://lh3.googleusercontent.com/x0ix3S7bpMOabPeZRXBg0nEImQtplRA1q3eQ8YUWtTOrF32DwhWCDhQ3GjiBI9rmOrAex1Cfa2vMCJY0SjO4ABjsKMOu0ohQfugUsj4BA3XXuqHI_oH6zc7pKasqpWzBfn4M9CJ-zDffT4pfvdokIeu20pNTpJ4N6wHzYeyTpjhI9T6BsAA20CZfJ2g_c0QQZBG1wXoAmw-BRe2R48tVePkuLMOm5Zow2wPA-GfbVYz4dsl7Lq5gYz5Vq8js3ZjUXQgCeps_W-_xyMvjg3FPvbKFa5Cp6xrhYfKXE8Pq7hpofwuchGM6jim3yis0NcalLFBa8c70PSRcJJRmz7RPakSpqXfihxuvIUkpsftCOtPZtwX4tGKTBNnq4Q-fryTV80RL4V1RYhomZIAnNtBR3mTTOJiXLC_FXj8y_CmpD-pFvMIsT1nuc2qLW-FUjpQiZ9IKyAQmgwVPYT-IiLX-MYxrO5lyz5y-YX_brmFrtR5vPPVlAoSW2TB42e7ga_0oQQGC_cn28wG-aLU8HsV3qZg7OJ3VvblsTtpn7x0JJxM1t9ixP4RdDO4Gch7dh6ud_xDdop8_chrGk5SEVh_lT2XHT4iLIPsUo24PeHL_Ik6fCRx3Srv8_mYqftJqii2onn6HybEUOAIlBZgu38gDxLjc9_yfxTYSCjgNSp8zFw5tpj9LH5h0-6I=w116-h103-no | AS16: http://ncrdb.usga.org/ | AT16: 46 | AU16: Me | AW16: 2 | AX16: 9 | AZ16: Ashby Foltz | BA16: Colleton River Club - Dye Course - White (Front 9)
A17: Ashby Foltz | D17: Y | E17: 9.1 | F17: Colleton River Club - Dye Course - White (Back 9) | G17: 35.3 | H17: 135 | I17: 45 | J17: 9 | K17: 36 | L17: 45 | M17: -1 | N17: 46 | O17: 10 | P17: 10 | Q17: -1 | R17: R9 | S17: https://minervatour.files.wordpress.com/2019/10/img_5277.jpg | T17: afoltz3@gmail.com | U17: 45733.594 | V17: 3/17/25 - 2:15 PM | X17: Sat 12/30 - 12:00 AM | Y17: 712fd14b-e731-49df-9bb7-388ebf0b0c69 | AC17: Ashby Foltz | AE17: +9(-1) Thru F | AF17: +9(-1) Thru F | AH17: Thru F | AI17: 9 | AJ17: +9 | AK17: +9(+10) Thru F | AL17: +9(+10) Thru F | AM17: 18 | AN17: 2 | AO17: 10 | AP17: 3 | AR17: https://lh3.googleusercontent.com/y79LG6IOyNlVI4nffsIu4kI94A0lbmxdi17sZmagyGBM9juhotJIZKgEmCBQ5C6BbuOQynHSrWnhIXR2m9uqHLciIKN2MrW9qbGJyoudCFhpHWtdBTvr-4MZ91EmiAxZo-GLDbymXRZwcNv_4Xx93GIstPTH4x6D4b-eBTuBlH_cMPeKJib5TV0JXyI9l3bReZxhIr7Hr8R4sspZ3z0N5ggeS1646Nh1YTgVyOt76WNYZ7X4P3VNRcYlqSV1yAb6UI4gglnSJ7eJiB3_oQzoCkS95Yv1iwlJcPZokLGVsmMNRugyTGVq5tE5VfB_Dk2UuJPCz8zRm4519cvKV2rULEzDrMc8ExWBi486KOB6ILkTZ17wfSom6dp2awhc1RFxXEWo7hvoYir_JjZyBOgTaqT2QCnNpynOfK8VjCfw8z8rqE-Pdn6z-9wnXKbvolaV4iFENkO_RSjcmm2QgI8BmSzsCioYESsgVYbVlQ9L9oQ-U6K99A1Xbj3F5SGs4Hb2fzqT37cDyzLr7cDeciH-d7Y_yY2MkILh73v3IjJikE66jgVVxBDqrK_Vqqnc-NYzz0jCpKGxIoE3h2-VWCUSmVohoFhCLJacUX-CGyCzDechjKtn9h1jcpE_gXm9lolhadIiGRv41PRR3IYH2vhh4A7QQ_x9E29hO6RPPlRy8ygFeDLiYAeHqUU=w116-h103-no | AS17: http://ncrdb.usga.org/ | AT17: 46 | AU17: Me | AW17: 2 | AX17: 9 | AZ17: Ashby Foltz | BA17: Colleton River Club - Dye Course - White (Back 9)
A18: Matt Davis | D18: Y | E18: 9.1 | F18: Mount Dora Golf Club - White (Front 9) | G18: 33.6 | H18: 116 | I18: 45 | J18: 9 | K18: 36 | L18: 45 | M18: 2 | N18: 43 | O18: 11 | P18: 11 | Q18: 2 | R18: R9 | S18: https://storage.googleapis.com/glide-prod.appspot.com/uploads-v2/GNXfNUSV91nct3RVn9zd/pub/gIt90rSX4ZBQM2wvWa2B.jpeg | T18: msdavis66@gmail.com | U18: 45737.463 | V18: 3/21/25 - 11:07 AM | X18: Sat 12/30 - 12:00 AM | Y18: 3fcaae8a-6ad7-4ba7-a3f0-3d4dead8b86b | AC18: Matt Davis | AE18: +9(+2) Thru F | AF18: +9(+2) Thru F | AH18: Thru F | AI18: 9 | AJ18: +9 | AK18: +9(+11) Thru F | AL18: +9(+11) Thru F | AM18: 18 | AN18: 2 | AO18: 2 | AP18: 2 | AR18: https://lh3.googleusercontent.com/wXx5aO2MitxNB5djH3t6tQ5qanOQLB2REHjUtBXGFtgKXmXD03ezp4rgby-1tFUVAbse9f5ScSZc71nI0g2qCi9Cay7PKhEa4e-mLVWXYYeEkid4MqrRFAXwCst3P7k3GyJlEHagAc8rXRTdDMFGIXw0hhNh4Je8M2JpPcS7qyIgNoZ3IlJnPAB2jLcF3zP9RlXtPhRQ-Ly9FS6J_7L0Bh5sivSzUWCz9ILpGMRfP6sbKpzOHK2aZn1-uipLAWuulVv9j9wpHxAcvmYUpeI6Dl9n59qOzkMea9ED25YlCpn1S-kj_tFs_7USxkTlld-i6qmYqpCj_o5pCdNYE7Rcn5bRf9AnJkbbQR9s7M1ZsoMqi2w4yzhJ8WumUWLRy_A_AQdM7EYNQZJCep-bPyg-ejqMNxmoT1Zrbx-1C_cvrCe5T4nbJF1Z1reiCyC_CgR37Uvt8kPfBtRdXWZxsb-mXFwT7mdtj9H8ohmAuM2oCm8Jwat1fpkhpFrmRcrYodWAJZx6xAmGHTsekpFV40Fvr1gFOwdn90bDuHofViSoepYiaq1WLK8o6sEEn0ATIOVCxZjl1UdhC6U22GMeChfJfJ8BPL_EsESYmE3wHMNdKTHzG1g0BYS9Xu1jfdG8PxNq9U1Vm3GU6R6hHUaELyw_YObN0SSPkgpH8esf4k1583EbAA2A9W4ONStn=w116-h102-no | AS18: http://ncrdb.usga.org/ | AT18: 43 | AU18: Me | AW18: 2 | AX18: 9 | AZ18: Matt Davis | BA18: Mount Dora Golf Club - White (Front 9)
A19: Matt Davis | D19: Y | E19: 9.1 | F19: Mount Dora Golf Club - White (Back 9) | G19: 32.6 | H19: 113 | I19: 43 | J19: 9 | K19: 34 | L19: 43 | M19: 2 | N19: 41 | O19: 10 | P19: 10 | Q19: 2 | R19: R9 | S19: https://storage.googleapis.com/glide-prod.appspot.com/uploads-v2/GNXfNUSV91nct3RVn9zd/pub/gIt90rSX4ZBQM2wvWa2B.jpeg | T19: msdavis66@gmail.com | U19: 45737.463 | V19: 3/21/25 - 11:07 AM | X19: Sat 12/30 - 12:00 AM | Y19: 455c147f-3900-4bbc-a8ca-d35274d492a1 | AC19: Matt Davis | AE19: +9(+2) Thru F | AF19: +9(+2) Thru F | AH19: Thru F | AI19: 9 | AJ19: +9 | AK19: +9(+10) Thru F | AL19: +9(+10) Thru F | AM19: 18 | AN19: 2 | AO19: 2 | AP19: 2 | AR19: https://lh3.googleusercontent.com/wXx5aO2MitxNB5djH3t6tQ5qanOQLB2REHjUtBXGFtgKXmXD03ezp4rgby-1tFUVAbse9f5ScSZc71nI0g2qCi9Cay7PKhEa4e-mLVWXYYeEkid4MqrRFAXwCst3P7k3GyJlEHagAc8rXRTdDMFGIXw0hhNh4Je8M2JpPcS7qyIgNoZ3IlJnPAB2jLcF3zP9RlXtPhRQ-Ly9FS6J_7L0Bh5sivSzUWCz9ILpGMRfP6sbKpzOHK2aZn1-uipLAWuulVv9j9wpHxAcvmYUpeI6Dl9n59qOzkMea9ED25YlCpn1S-kj_tFs_7USxkTlld-i6qmYqpCj_o5pCdNYE7Rcn5bRf9AnJkbbQR9s7M1ZsoMqi2w4yzhJ8WumUWLRy_A_AQdM7EYNQZJCep-bPyg-ejqMNxmoT1Zrbx-1C_cvrCe5T4nbJF1Z1reiCyC_CgR37Uvt8kPfBtRdXWZxsb-mXFwT7mdtj9H8ohmAuM2oCm8Jwat1fpkhpFrmRcrYodWAJZx6xAmGHTsekpFV40Fvr1gFOwdn90bDuHofViSoepYiaq1WLK8o6sEEn0ATIOVCxZjl1UdhC6U22GMeChfJfJ8BPL_EsESYmE3wHMNdKTHzG1g0BYS9Xu1jfdG8PxNq9U1Vm3GU6R6hHUaELyw_YObN0SSPkgpH8esf4k1583EbAA2A9W4ONStn=w116-h102-no | AS19: http://ncrdb.usga.org/ | AT19: 41 | AU19: Me | AW19: 2 | AX19: 9 | AZ19: Matt Davis | BA19: Mount Dora Golf Club - White (Back 9)
A20: Grady Bunn | B20: 6 | C20: 9 | D20: Y | E20: 6.8 | F20: Candler Park Golf Course - Blue (9 Holes) | G20: 30.4 | H20: 100 | J20: 9 | K20: 31 | L20: 37 | M20: -36 | N20: 37 | O20: 7 | P20: 7 | Q20: 1 | R20: R9 | S20: https://lh3.googleusercontent.com/gQ_FaH2AF_jSJxRNubfcwX3XqG6dcE7KFTHqzUDgdA65lfy57Xnyo2e7D9_ADkXMZDwDprlQ0N8SlSm05CAfkEcLacfWCA0iqKpi5-HBqfCMD3rKMs77CSSzBgDIJPtHWC8lCOtteTiqTljHAcT1-cFtDPSLAC6ryzrYmGoAoI5BlvKRScFk1OMxT2Bz7pWyjn7fkq5GBrAkO1IuaNMgVljRyHjVn3j4j-oL8pGhycJUFlz1nuyea1eDCSU4IwYOfCGfLzodUa4OwrJmuf6CodGiJCB5VR6MYxBUylhMQYa5E-KczOv0t11ByK7uOpvrKtoTdi3tqJvaWgVC0nTYAMlVv7e5sH6_p8vg7h41LS898KW48eXRhJFrAGO2OzZeiy-xOyfD6hxeZ0flReFuhDSrrxF-X-EOf3dMk0FFIcO3TMNC2dzAGzhmpOUwNWKPidDdV_0I2k3dvG7Dguy5auAKUDTJgjgpetzcK5KElhRL-ZdNA6s39BoQgHpB7hsJsw2DZfT2_4ftVj4a-CN6iJdHTdb8QMjIAzCxDiUFlaDUXPHsUo1O8mt6ISJfruKOjsoClx4lDsa_J3M6Bu6h6rojA-_Vu7bbIWAGYFOafxWG3Xq9cqTcI2DGtkLFQg646TzUbrVkNyEGW0xTZxdRUKl7re6bW-F9JbDnigcq-d1XKLtY6P-l7sKdDxo9e-Q9nxMbMaItT4Bio7fNSvFa8gUDuTD_WHt9rtrljgqiOhmxX6Gr=w1250-h937-no | T20: grady.bunn@gmail.com | U20: 45739.579 | V20: 3/23/25 - 1:53 PM | W20: 45739.575 | X20: Sun 3/23 - 1:48 PM | Y20: 3281afd9-ea55-4ebc-aef7-bd3ce5f5fa72 | AC20: Grady Bunn | AE20: +6(+1) Thru F | AF20: +6(+1) Thru F | AH20: Thru F | AI20: 6 | AJ20: +6 | AK20: +6(+7) Thru F | AL20: +6(+7) Thru F | AM20: 18 | AN20: 2 | AO20: 5 | AP20: 8 | AR20: https://lh3.googleusercontent.com/tXy0O0LwConoBkdb4wz_YoG_IEPZfDqZaoIDpGZa5CKtCmLmp2m71LbcF8YmiREiuCeOTIHDVTMw9ukeELSKzkHpe6Tnzv8GGoqqLRz_OzkYzSzlGlbVTnatXkvoOqtb9ewJpjyJ9vZFXND4tWRo9Fp1-teBc0O26J_EUhCkbkwjrUgwkZJ8kTNwRkXyojoOJUyExq-zLSMp9XfdiMPYcVcX-BGMUeuytjeJRH8JbyGg1Zuq4sdTcjSd0vGF4le4Ahkf03P2jn4FsfIzVQ3dPjbzePO8kfJVmSLrgi_UnYvLWfNeeonYS1ZXjKs8DombNrdZNj6UXt73utGXVAIK8pH8f15jMtX1RZdNqZ014Awmd0P32v8g2WZ7X_PCAe3eDKqPHSh9UCFgzcuTP97PcMWt5_HQv7VUqqQvCUfCRQWlcgbUdiq5rI5hLD7VnkA8Ul69Hez2lFM2B9FY3rdyZYjrZ-Vq52OPhUe8XNHaYRUWshyjplJjT2kcFs74Bs7ihIoJ-UwJVQdCOqwEEKeYRtQygGAf_IyNCLInI2OpKTw-lY-UOSZTz10f9R9u0RvtWv5LolPzMztNeHcPdq8TzanctW1yQRntXIKXJycEGNEJxOPMoy2ggRWRG6T1ce0BaL7Lk12smXw8Txql7ih_6AmS95k1S7n6XutAkcoY88h1VQ-0WCFP6mM=w116-h103-no | AS20: http://ncrdb.usga.org/ | AT20: 36 | AU20: Me | AW20: 2 | AX20: 9 | AZ20: Grady Bunn | BA20: Candler Park Golf Course - Blue (9 Holes) | BB20: 9 | BC20: 6
A21: Blake Addleton | B21: 9 | C21: 9 | D21: Y | E21: 7.1 | F21: Pointe South GC - Blue (Front 9) | G21: 34.5 | H21: 120 | J21: 9 | K21: 36 | L21: 45 | M21: -42 | N21: 45 | O21: 11 | P21: 11 | Q21: 3 | R21: R9 | S21: https://firebasestorage.googleapis.com/v0/b/glide-prod.appspot.com/o/img-uploads%2FGNXfNUSV91nct3RVn9zd%2F26de63.jpeg?alt=media | T21: baddleton@gmail.com | U21: 45741.427 | V21: 3/25/25 - 10:14 AM | X21: Sat 12/30 - 12:00 AM | Y21: 91aa115e-5276-4190-bb3a-7d279d4b2a92 | AC21: Blake Addleton | AE21: +9(+3) Thru F | AF21: +9(+3) Thru F | AH21: Thru F | AI21: 9 | AJ21: +9 | AK21: +9(+11) Thru F | AL21: +9(+11) Thru F | AM21: 18 | AN21: 2 | AO21: 1 | AP21: 1 | AR21: https://lh3.googleusercontent.com/JjATGugKKHpWtvwGvmGIV3t7kFTXRhkQT7zW4KIZ6R1WW7eHipi1JdFJ5PmD2vrH0D9Dp8lJ9aX7x_2Gc2-D5lrJfeEXepLUmf1WVz3Dju2D3Zd6FZlN7cE22zgpWkUc4iPL77TnSLfWuJ2rIHjqLn-3gjxwVd1kGIlIQl9UN4AeMYs0uS1YRa-WQhAT-M6NdxmBky1_PHnO7nN0wdgcSdcDIjjxRIHfeN7FC5IVI-CaTUsqZokK5vidAti-IvIyG8Uw2kk6IOGp5oKh0EPj2ADkyN-1CmeKU8aieyUk-V0845Ck4wUKJteWI91073AdhFGmgxKd3Hjlzc-Np-Ge9r61-1x6NJEbBVXj8AKpITPSbByhbGPg8h93yIYEReSvf0PxXhKqrj7g8HLQ07Lo07glkkfGx1LDLeiUg8UBKPSl7t9HLDKbutD525SYdw_2zhaF9qWFmpNn42yQuXgB2Mka_wdZP-XekipNSSvE7qz4Z5jDHt8OTmVwbW_Q4f11voiL5DEfwJ6dAvO0G_qM4MwvkehlcOuujY1AeiI_5O-7mOUME6wzDo9t3swjdKVc5Hi6QvbgsitnipDmc21JulEDgenFy9__IysMWLkPDmQFWwZrBik2-MOpfZlWE7T2Jv494_CI5khguyD9rAY7i0miWwQotQvwb_6jascRCMiTEqD5pBzyC0M=w116-h103-no | AS21: http://ncrdb.usga.org/ | AT21: 42 | AU21: Me | AW21: 2 | AX21: 9 | AZ21: Blake Addleton | BA21: Pointe South GC - Blue (Front 9) | BB21: 9 | BC21: 9
A22: Blake Addleton | B22: 15 | C22: 9 | D22: Y | E22: 7.1 | F22: Pointe South Golf Club - Blue (Back 9) | G22: 35.5 | H22: 122 | J22: 9 | K22: 35 | L22: 50 | M22: -43 | N22: 50 | O22: 14 | P22: 14 | Q22: 7 | R22: R9 | S22: https://firebasestorage.googleapis.com/v0/b/glide-prod.appspot.com/o/img-uploads%2FGNXfNUSV91nct3RVn9zd%2F26de63.jpeg?alt=media | T22: baddleton@gmail.com | U22: 45741.527 | V22: 3/25/25 - 12:39 PM | X22: Sat 12/30 - 12:00 AM | Y22: e123dd33-346e-44e3-b08a-c923184c6f46 | AC22: Blake Addleton | AE22: +15(+7) Thru F | AF22: +15(+7) Thru F | AH22: Thru F | AI22: 15 | AJ22: +15 | AK22: +15(+14) Thru F | AL22: +15(+14) Thru F | AM22: 18 | AN22: 2 | AO22: 1 | AP22: 1 | AR22: https://lh3.googleusercontent.com/s0I2GHIWa-qPdvl-BGseLVUkyx3UelIkqGC2O8P-wkBIhAsQl1HMR8KsRcCbzsATJ4EkWyJbrMtvDBng6KLJ3GC3hmJyjxLEQKZwdWjunWlsu_Q7sCzvUWx891xSFa_lpfDvU060hG0KgaV-6K_IVcv3d_NsrPTil13l4jWE9zb0tDW0_IELsbkGHJ3mmA9_NbkBT3FuEtIcstEScyMGxMmLy6Pbhy727rOrZ0ca8_C90PFaR1YoLcId5LXrHYAIRKCuqzha2MvvadBWR5hJ_zkTIWClkBZSwydcWLdY0LXdoEBA89ANikv6XU5IcQ8DIJHlCzKb-7ncnn-6zovGWvI4vbewyu1W6iiAS1CZ3uXlAiybxqsBbTh_xbcLbLek8RTYxyvOIvLwrklWnvWR9XWXgLufR_7i6rFgS8WlW0EEZT12yMZmz7kS5IMDoBMDvf3pjY0replPA11agPQw6xKuD7fusQLn9NEd4vOizn08tAAjtdeLNttEkRrymbEkNe-aNz83_o1lXk2iOIuL8_0vgkX0nTwtZa-Ac9nP-zanLlcMJuBv2-xI2HyG3V9cphPPQKvSvXuDVJoxJvd6cQOvIXhSpK8DaLt9sPcu4-QCeufLoFh6_IsodWzYsUQihzcMs3CMVNbub-eLXqkpu2hNVf4ZbEMwSag2z4LYbxJvqn3JkU1GhFI=w116-h103-no | AS22: http://ncrdb.usga.org/ | AT22: 43 | AU22: Me | AW22: 2 | AX22: 9 | AZ22: Blake Addleton | BA22: Pointe South Golf Club - Blue (Back 9) | BB22: 9 | BC22: 15
A23: Robby Dewling | B23: 4 | C23: 9 | D23: Y | E23: 3.7 | F23: Browns Mill Golf Course - Blue (Front 9) | G23: 35.6 | H23: 127 | J23: 9 | K23: 36 | L23: 40 | M23: -40 | N23: 40 | O23: 4 | P23: 4 | Q23: 0 | R23: R9 | S23: https://storage.googleapis.com/glide-prod.appspot.com/uploads-v2/GNXfNUSV91nct3RVn9zd/pub/wD9y0NT35v2ch7ZEGxQP.jpeg | T23: rdewling@gmail.com | U23: 45741.887 | V23: 3/25/25 - 9:17 PM | W23: 45746.387 | X23: Sun 3/30 - 9:18 AM | Y23: 92ab67e5-3913-469d-8554-b06140ea1956 | AC23: Robby Dewling | AE23: +4(E) Thru F | AF23: +4(E) Thru F | AH23: Thru F | AI23: 4 | AJ23: +4 | AK23: +4(+4) Thru F | AL23: +4(+4) Thru F | AM23: 18 | AN23: 2 | AO23: 9 | AP23: 10 | AR23: https://lh3.googleusercontent.com/QG1aIdUSDImQrtI7DLJap9XYjNgx1ajuEgWzl3ZzKARNR-Un6cFp8Ko63sAVuUxXlh4ZYSu0T2akQQx-nI67usFPhS5dUYuNQX9jUMcjHQM2eevGXkV-1DKg_rbxlAikK6qn3nwYPk_3a27vEVc9canRX5mn5he1Dmpp5EL_y2Gi6am3kH1684HbQxXxIUvmadxjo0TDdZs3nnf9mQwJ16rdspybKV3vpKhVG8JSDW1icF0wTm03Ij3p6WAkBLoqo_jFarA1aF57xrTfT1AVJYqzgGK2wTFV365k422dvYgqHCTUXOaq8iKHCuOefKL0IOLvncPkxzl2n0CpPhNSHUTO9RNhwD3GW7IFWvtNlz0JcqIs4PTZgL0iTWc0am6OuQmd4n2DoGQax3Dzj--xva-dHRPN3gJs8DydnfAPDIR5Pqtfbk7-uSYZBruJhUJuJG0Ywdw5UessTrsvaBgNBDEKXVTVOn5bjOZDz9Kw4_eGZRyB4Wbcgv9Sn5VVDqPkxY1jY198gZMbXKvVJBLSYiecla7ZYVAOf6-yrp7kq1V_iF4P94TCMChogvb-DspOheh8bokK-yom_eftavFt5XYmZ7aAERT-k4EnBPmdK2TK2BAA6IA4oyk8P-1-qToCuWQw_dFPjaxrTN5fED4miEd9r7NptJgpaQTwXG3X2GHkw4p6LqaUvm8=w116-h103-no | AS23: http://ncrdb.usga.org/ | AT23: 40 | AU23: Me | AW23: 2 | AX23: 9 | AZ23: Robby Dewling | BA23: Browns Mill Golf Course - Blue (Front 9) | BB23: 9 | BC23: 4
A24: Robby Dewling | B24: 11 | C24: 9 | D24: Y | E24: 3.7 | F24: Browns Mill Golf Course - Blue (Back 9) | G24: 35.5 | H24: 125 | J24: 9 | K24: 36 | L24: 47 | M24: -39 | N24: 47 | O24: 12 | P24: 12 | Q24: 8 | R24: R9 | S24: https://storage.googleapis.com/glide-prod.appspot.com/uploads-v2/GNXfNUSV91nct3RVn9zd/pub/wD9y0NT35v2ch7ZEGxQP.jpeg | T24: rdewling@gmail.com | U24: 45741.888 | V24: 3/25/25 - 9:18 PM | W24: 45746.471 | X24: Sun 3/30 - 11:18 AM | Y24: 9de59a39-b920-4f8b-9bc8-13198e838be7 | AC24: Robby Dewling | AE24: +11(+8) Thru F | AF24: +11(+8) Thru F | AH24: Thru F | AI24: 11 | AJ24: +11 | AK24: +11(+12) Thru F | AL24: +11(+12) Thru F | AM24: 18 | AN24: 2 | AO24: 9 | AP24: 10 | AR24: https://lh3.googleusercontent.com/mwzfWboHuX08dPbEgEhoSj8FGRPFt6dI3Hih5DWbYLezU-_QVwYCc5as8_zGrlMKvTKhj-vQ2s-Z9O6BAEaVMdu3DULUGVRmE3FNnWyNsQuOKEJHWcp5Ym0D1yAMXwwDhCAwNdPYlGcSQ3xto67QiOPS7UbiMcFvAnQggvZmZSSxYAD54-nIBhiHPMHNr3kkOJOpLZJgmeFy1wmKWQuWjidx3qWoZfciG_x1ptiNwvo_6gnp47wT3Iz_-j6ebOw4b6TPwm5oNY2LmNyZGxmh3cYFAfhULAzgg55TPdWozlIg_gB6mv9bAwHyhE9l3_0XD6RX-avIDZHkPc1K34PDxmUW5ZF2ySeYTz-5srLjIwYNg8YI9k_poBeHVBTfDjOpKDbEVFry4_7bicelGuRiQ07hshMTs4VufYdMp5U0nZMy8D3aBYfIMoYOupxOEgDv7YXE9tw7ziULjOH1C--cPLL3tCGc04CltlDrIKwS6IK-zzg7758ZEHy33gJ1X7-XpAvWKrzg6y3yJZb3Hj8KVLC5KllQL8I-VZy4zzhmC0rCMb3A-dY5QsYtw30p9Vo5Rkftn9y_Mu2K3-BnPfMk366SDwNAxMY9wbg78paAHwVm8xVzsYJY-pLFpD-qGgiCMxxE7DB_P5JO5cgW-HZTiTd_limy5XIxof9rzrxnHjgPV47T6JanQCc=w116-h103-no | AS24: http://ncrdb.usga.org/ | AT24: 39 | AU24: Me | AW24: 2 | AX24: 9 | AZ24: Robby Dewling | BA24: Browns Mill Golf Course - Blue (Back 9) | BB24: 9 | BC24: 11
A25: David Mustard | B25: 7 | C25: 9 | D25: Y | E25: 5.7 | F25: Eagle Trace (Colorado) - Gold (Front 9) | G25: 35.5 | H25: 126 | J25: 9 | K25: 36 | L25: 43 | M25: -42 | N25: 43 | O25: 8 | P25: 8 | Q25: 1 | R25: R9 | S25: https://firebasestorage.googleapis.com/v0/b/glide-prod.appspot.com/o/img-uploads%2FGNXfNUSV91nct3RVn9zd%2F0c43b8.jpeg?alt=media | T25: dmustard@gmail.com | U25: 45743.513 | V25: 3/27/25 - 12:19 PM | W25: 45743.507 | X25: Thu 3/27 - 12:10 PM | Y25: 11081d9b-6760-4914-b113-ce6068ad0dd6 | AC25: David Mustard | AE25: +7(+1) Thru F | AF25: +7(+1) Thru F | AH25: Thru F | AI25: 7 | AJ25: +7 | AK25: +7(+8) Thru F | AL25: +7(+8) Thru F | AM25: 18 | AN25: 2 | AO25: 3 | AP25: 5 | AR25: https://lh3.googleusercontent.com/tXy0O0LwConoBkdb4wz_YoG_IEPZfDqZaoIDpGZa5CKtCmLmp2m71LbcF8YmiREiuCeOTIHDVTMw9ukeELSKzkHpe6Tnzv8GGoqqLRz_OzkYzSzlGlbVTnatXkvoOqtb9ewJpjyJ9vZFXND4tWRo9Fp1-teBc0O26J_EUhCkbkwjrUgwkZJ8kTNwRkXyojoOJUyExq-zLSMp9XfdiMPYcVcX-BGMUeuytjeJRH8JbyGg1Zuq4sdTcjSd0vGF4le4Ahkf03P2jn4FsfIzVQ3dPjbzePO8kfJVmSLrgi_UnYvLWfNeeonYS1ZXjKs8DombNrdZNj6UXt73utGXVAIK8pH8f15jMtX1RZdNqZ014Awmd0P32v8g2WZ7X_PCAe3eDKqPHSh9UCFgzcuTP97PcMWt5_HQv7VUqqQvCUfCRQWlcgbUdiq5rI5hLD7VnkA8Ul69Hez2lFM2B9FY3rdyZYjrZ-Vq52OPhUe8XNHaYRUWshyjplJjT2kcFs74Bs7ihIoJ-UwJVQdCOqwEEKeYRtQygGAf_IyNCLInI2OpKTw-lY-UOSZTz10f9R9u0RvtWv5LolPzMztNeHcPdq8TzanctW1yQRntXIKXJycEGNEJxOPMoy2ggRWRG6T1ce0BaL7Lk12smXw8Txql7ih_6AmS95k1S7n6XutAkcoY88h1VQ-0WCFP6mM=w116-h103-no | AS25: http://ncrdb.usga.org/ | AT25: 42 | AU25: Me | AW25: 2 | AX25: 9 | AZ25: David Mustard | BA25: Eagle Trace (Colorado) - Gold (Front 9) | BB25: 9 | BC25: 7
A26: David Mustard | B26: 7 | C26: 9 | D26: Y | E26: 5.7 | F26: Eagle Trace (Colorado) - Gold (Back 9) | G26: 35.3 | H26: 121 | J26: 9 | K26: 36 | L26: 43 | M26: -41 | N26: 43 | O26: 8 | P26: 8 | Q26: 2 | R26: R9 | S26: https://firebasestorage.googleapis.com/v0/b/glide-prod.appspot.com/o/img-uploads%2FGNXfNUSV91nct3RVn9zd%2F0c43b8.jpeg?alt=media | T26: dmustard@gmail.com | U26: 45743.514 | V26: 3/27/25 - 12:19 PM | W26: 45743.594 | X26: Thu 3/27 - 2:15 PM | Y26: 4987f5c3-d4be-4dd4-9776-6df0c437237e | AC26: David Mustard | AE26: +7(+2) Thru F | AF26: +7(+2) Thru F | AH26: Thru F | AI26: 7 | AJ26: +7 | AK26: +7(+8) Thru F | AL26: +7(+8) Thru F | AM26: 18 | AN26: 2 | AO26: 3 | AP26: 5 | AR26: https://lh3.googleusercontent.com/wXx5aO2MitxNB5djH3t6tQ5qanOQLB2REHjUtBXGFtgKXmXD03ezp4rgby-1tFUVAbse9f5ScSZc71nI0g2qCi9Cay7PKhEa4e-mLVWXYYeEkid4MqrRFAXwCst3P7k3GyJlEHagAc8rXRTdDMFGIXw0hhNh4Je8M2JpPcS7qyIgNoZ3IlJnPAB2jLcF3zP9RlXtPhRQ-Ly9FS6J_7L0Bh5sivSzUWCz9ILpGMRfP6sbKpzOHK2aZn1-uipLAWuulVv9j9wpHxAcvmYUpeI6Dl9n59qOzkMea9ED25YlCpn1S-kj_tFs_7USxkTlld-i6qmYqpCj_o5pCdNYE7Rcn5bRf9AnJkbbQR9s7M1ZsoMqi2w4yzhJ8WumUWLRy_A_AQdM7EYNQZJCep-bPyg-ejqMNxmoT1Zrbx-1C_cvrCe5T4nbJF1Z1reiCyC_CgR37Uvt8kPfBtRdXWZxsb-mXFwT7mdtj9H8ohmAuM2oCm8Jwat1fpkhpFrmRcrYodWAJZx6xAmGHTsekpFV40Fvr1gFOwdn90bDuHofViSoepYiaq1WLK8o6sEEn0ATIOVCxZjl1UdhC6U22GMeChfJfJ8BPL_EsESYmE3wHMNdKTHzG1g0BYS9Xu1jfdG8PxNq9U1Vm3GU6R6hHUaELyw_YObN0SSPkgpH8esf4k1583EbAA2A9W4ONStn=w116-h102-no | AS26: http://ncrdb.usga.org/ | AT26: 41 | AU26: Me | AW26: 2 | AX26: 9 | AZ26: David Mustard | BA26: Eagle Trace (Colorado) - Gold (Back 9) | BB26: 9 | BC26: 7
A27: Alex Edson | D27: Y | E27: 5.5 | F27: Browns Mill Golf Course - Blue (Front 9) | G27: 35.6 | H27: 127 | I27: 41 | J27: 9 | K27: 36 | L27: 41 | M27: 0 | N27: 41 | O27: 5 | P27: 5 | Q27: 0 | R27: R9 | S27: https://storage.googleapis.com/glide-prod.appspot.com/uploads-v2/GNXfNUSV91nct3RVn9zd/pub/MXbvc7EbvlbCRBjsPjcA.jpg | T27: ar3dson@gmail.com | U27: 45743.668 | V27: 3/27/25 - 4:01 PM | W27: 45743.667 | X27: Thu 3/27 - 4:01 PM | Y27: 68cf76f4-3439-4399-8608-97009d09be49 | Z27: ar3dson@gmail.com | AA27: 45743.74 | AB27: 3/27/25 - 5:45 PM | AC27: Alex Edson | AD27: Alex Edson | AE27: +5(E) Thru F | AF27: +5(E) Thru F | AH27: Thru F | AI27: 5 | AJ27: +5 | AK27: +5(+5) Thru F | AL27: +5(+5) Thru F | AM27: 18 | AN27: 2 | AO27: 8 | AP27: 9 | AR27: https://lh3.googleusercontent.com/QG1aIdUSDImQrtI7DLJap9XYjNgx1ajuEgWzl3ZzKARNR-Un6cFp8Ko63sAVuUxXlh4ZYSu0T2akQQx-nI67usFPhS5dUYuNQX9jUMcjHQM2eevGXkV-1DKg_rbxlAikK6qn3nwYPk_3a27vEVc9canRX5mn5he1Dmpp5EL_y2Gi6am3kH1684HbQxXxIUvmadxjo0TDdZs3nnf9mQwJ16rdspybKV3vpKhVG8JSDW1icF0wTm03Ij3p6WAkBLoqo_jFarA1aF57xrTfT1AVJYqzgGK2wTFV365k422dvYgqHCTUXOaq8iKHCuOefKL0IOLvncPkxzl2n0CpPhNSHUTO9RNhwD3GW7IFWvtNlz0JcqIs4PTZgL0iTWc0am6OuQmd4n2DoGQax3Dzj--xva-dHRPN3gJs8DydnfAPDIR5Pqtfbk7-uSYZBruJhUJuJG0Ywdw5UessTrsvaBgNBDEKXVTVOn5bjOZDz9Kw4_eGZRyB4Wbcgv9Sn5VVDqPkxY1jY198gZMbXKvVJBLSYiecla7ZYVAOf6-yrp7kq1V_iF4P94TCMChogvb-DspOheh8bokK-yom_eftavFt5XYmZ7aAERT-k4EnBPmdK2TK2BAA6IA4oyk8P-1-qToCuWQw_dFPjaxrTN5fED4miEd9r7NptJgpaQTwXG3X2GHkw4p6LqaUvm8=w116-h103-no | AS27: http://ncrdb.usga.org/ | AT27: 41 | AU27: Me | AW27: 2 | AX27: 9 | AZ27: Alex Edson | BA27: Browns Mill Golf Course - Blue (Front 9)
A28: Alex Edson | D28: Y | E28: 5.5 | F28: Browns Mill Golf Course - Blue (Back 9) | G28: 35.5 | H28: 125 | I28: 43 | J28: 9 | K28: 36 | L28: 43 | M28: 2 | N28: 41 | O28: 8 | P28: 8 | Q28: 2 | R28: R9 | S28: https://storage.googleapis.com/glide-prod.appspot.com/uploads-v2/GNXfNUSV91nct3RVn9zd/pub/MXbvc7EbvlbCRBjsPjcA.jpg | T28: ar3dson@gmail.com | U28: 45743.668 | V28: 3/27/25 - 4:01 PM | W28: 45743.751 | X28: Thu 3/27 - 6:01 PM | Y28: 854c50cb-6f8f-41d2-adb9-7cc6ca6655e7 | Z28: ar3dson@gmail.com | AA28: 45743.854 | AB28: 3/27/25 - 8:29 PM | AC28: Alex Edson | AD28: Alex Edson | AE28: +7(+2) Thru F | AF28: +7(+2) Thru F | AH28: Thru F | AI28: 7 | AJ28: +7 | AK28: +7(+8) Thru F | AL28: +7(+8) Thru F | AM28: 18 | AN28: 2 | AO28: 8 | AP28: 9 | AR28: https://lh3.googleusercontent.com/wXx5aO2MitxNB5djH3t6tQ5qanOQLB2REHjUtBXGFtgKXmXD03ezp4rgby-1tFUVAbse9f5ScSZc71nI0g2qCi9Cay7PKhEa4e-mLVWXYYeEkid4MqrRFAXwCst3P7k3GyJlEHagAc8rXRTdDMFGIXw0hhNh4Je8M2JpPcS7qyIgNoZ3IlJnPAB2jLcF3zP9RlXtPhRQ-Ly9FS6J_7L0Bh5sivSzUWCz9ILpGMRfP6sbKpzOHK2aZn1-uipLAWuulVv9j9wpHxAcvmYUpeI6Dl9n59qOzkMea9ED25YlCpn1S-kj_tFs_7USxkTlld-i6qmYqpCj_o5pCdNYE7Rcn5bRf9AnJkbbQR9s7M1ZsoMqi2w4yzhJ8WumUWLRy_A_AQdM7EYNQZJCep-bPyg-ejqMNxmoT1Zrbx-1C_cvrCe5T4nbJF1Z1reiCyC_CgR37Uvt8kPfBtRdXWZxsb-mXFwT7mdtj9H8ohmAuM2oCm8Jwat1fpkhpFrmRcrYodWAJZx6xAmGHTsekpFV40Fvr1gFOwdn90bDuHofViSoepYiaq1WLK8o6sEEn0ATIOVCxZjl1UdhC6U22GMeChfJfJ8BPL_EsESYmE3wHMNdKTHzG1g0BYS9Xu1jfdG8PxNq9U1Vm3GU6R6hHUaELyw_YObN0SSPkgpH8esf4k1583EbAA2A9W4ONStn=w116-h102-no | AS28: http://ncrdb.usga.org/ | AT28: 41 | AU28: Me | AW28: 2 | AX28: 9 | AZ28: Alex Edson | BA28: Browns Mill Golf Course - Blue (Back 9)
A29: George Lane | D29: Y | E29: 4.7 | F29: Heritage Golf Links - Heritage - White (9 Holes) | G29: 34.4 | H29: 135 | I29: 41 | J29: 9 | K29: 36 | L29: 41 | M29: 1 | N29: 40 | O29: 7 | P29: 7 | Q29: 1 | R29: R9 | S29: https://firebasestorage.googleapis.com/v0/b/glide-prod.appspot.com/o/img-uploads%2FGNXfNUSV91nct3RVn9zd%2Fb607eb.jpeg?alt=media | T29: gmlane@gmail.com | U29: 45744.439 | V29: 3/28/25 - 10:32 AM | X29: Sat 12/30 - 12:00 AM | Y29: b3dbb321-97c9-4c9f-afb3-bb58b21a27b2 | AC29: George Lane | AE29: +5(+1) Thru F | AF29: +5(+1) Thru F | AH29: Thru F | AI29: 5 | AJ29: +5 | AK29: +5(+7) Thru F | AL29: +5(+7) Thru F | AM29: 18 | AN29: 2 | AO29: 4 | AP29: 7 | AR29: https://lh3.googleusercontent.com/tXy0O0LwConoBkdb4wz_YoG_IEPZfDqZaoIDpGZa5CKtCmLmp2m71LbcF8YmiREiuCeOTIHDVTMw9ukeELSKzkHpe6Tnzv8GGoqqLRz_OzkYzSzlGlbVTnatXkvoOqtb9ewJpjyJ9vZFXND4tWRo9Fp1-teBc0O26J_EUhCkbkwjrUgwkZJ8kTNwRkXyojoOJUyExq-zLSMp9XfdiMPYcVcX-BGMUeuytjeJRH8JbyGg1Zuq4sdTcjSd0vGF4le4Ahkf03P2jn4FsfIzVQ3dPjbzePO8kfJVmSLrgi_UnYvLWfNeeonYS1ZXjKs8DombNrdZNj6UXt73utGXVAIK8pH8f15jMtX1RZdNqZ014Awmd0P32v8g2WZ7X_PCAe3eDKqPHSh9UCFgzcuTP97PcMWt5_HQv7VUqqQvCUfCRQWlcgbUdiq5rI5hLD7VnkA8Ul69Hez2lFM2B9FY3rdyZYjrZ-Vq52OPhUe8XNHaYRUWshyjplJjT2kcFs74Bs7ihIoJ-UwJVQdCOqwEEKeYRtQygGAf_IyNCLInI2OpKTw-lY-UOSZTz10f9R9u0RvtWv5LolPzMztNeHcPdq8TzanctW1yQRntXIKXJycEGNEJxOPMoy2ggRWRG6T1ce0BaL7Lk12smXw8Txql7ih_6AmS95k1S7n6XutAkcoY88h1VQ-0WCFP6mM=w116-h103-no | AS29: http://ncrdb.usga.org/ | AT29: 40 | AU29: Me | AW29: 2 | AX29: 9 | AZ29: George Lane | BA29: Heritage Golf Links - Heritage - White (9 Holes)
A30: George Lane | D30: Y | E30: 4.7 | F30: Heritage Golf Links - Tradition - White (9 Holes) | G30: 32 | H30: 119 | I30: 41 | J30: 9 | K30: 35 | L30: 41 | M30: 4 | N30: 37 | O30: 9 | P30: 9 | Q30: 4 | R30: R9 | S30: https://firebasestorage.googleapis.com/v0/b/glide-prod.appspot.com/o/img-uploads%2FGNXfNUSV91nct3RVn9zd%2Fb607eb.jpeg?alt=media | T30: gmlane@gmail.com | U30: 45744.533 | V30: 3/28/25 - 12:47 PM | X30: Sat 12/30 - 12:00 AM | Y30: b69a5718-523d-45b2-87a9-81356599310f | AC30: George Lane | AE30: +6(+4) Thru F | AF30: +6(+4) Thru F | AH30: Thru F | AI30: 6 | AJ30: +6 | AK30: +6(+9) Thru F | AL30: +6(+9) Thru F | AM30: 18 | AN30: 2 | AO30: 4 | AP30: 7 | AR30: https://lh3.googleusercontent.com/X9NboRI9tXpfX4phhLZVYexHVnQAJBEoc0hBQVGKHHqWBul-E9E_TgJvwHNjt7LQjZOFV-9kYbZ9XphA5rbyC7zyZNjaUVjEiOENCW7vMoC5MjbgxAilXTyc9CYSOAgrCUmmmMYTIggYHJQkbY4dFSEXBJ8CIKUtRqX_CzpCKLlVG4kp_4eVVYlZaKU_7YQXUIjVGwzH0ZxJF315f5lY0iVnSlj606BU3XEz-vbOY0jk2h0oHdwfrDebb19DXndyl5kwTSXapNeSVWdutJIvhOdHtWBCieEJqW7gB_NWYdSTsAAB-IXNdV27cGYjCywVvoDNtxe4Phb0twHtHJqAPGIl2u7xMd72IQ5QQD9UQPmwgI4u2vk7jvwA9agTu-xLOfYMXkvrDlwWdkSQl_Yw3IcN90qVXfi0k7_AbklUTfOi3-S9IWFUXtgy1Cgt_E6yQB7-PBZyDo19DoW5vHtfmqBb8T5E8P2QzmB5dRpfgMAe8TO9PWZngokrrJVizc8BdIuEHJ2wTTcIHDuurywX6XICUy1ef5WWp6pYmVEVslCCFL4xczkTi4vwT_tiaKGQVEt0rJ-4U26ZsICBHFRTocCAmN_qsmdCmgzI_u7Gsyr4glyhOh6p_uDTGA-1kx12K_Qc_mq-ASZkVZLc8KM0LlHGSumasNaXYDqnV5Bvq0FGCfp2vgwvOd4=w116-h103-no | AS30: http://ncrdb.usga.org/ | AT30: 37 | AU30: Me | AW30: 2 | AX30: 9 | AZ30: George Lane | BA30: Heritage Golf Links - Tradition - White (9 Holes)
A31: Devin Blankenship | D31: Y | E31: 4.3 | F31: Horseshoe Bend Country Club - Gold (Front 9) | G31: 36.8 | H31: 138 | I31: 36 | J31: 9 | K31: 36 | L31: 36 | M31: -6 | N31: 42 | O31: -1 | P31: -1 | Q31: -6 | R31: R9 | S31: https://storage.googleapis.com/glide-prod.appspot.com/uploads-v2/GNXfNUSV91nct3RVn9zd/pub/3IF1Dcz5QrdTlzpion8b.jpeg | T31: blankdc.db@gmail.com | U31: 45745.58 | V31: 3/29/25 - 1:55 PM | X31: Sat 12/30 - 12:00 AM | Y31: f22e453d-d5ec-4853-9d24-d8c7cff7fbd1 | AC31: Devin Blankenship | AE31: E(-6) Thru F | AF31: E(-6) Thru F | AH31: Thru F | AI31: 0 | AJ31: E | AK31: E(-1) Thru F | AL31: E(-1) Thru F | AM31: 18 | AN31: 2 | AO31: 11 | AP31: 11 | AR31: https://lh3.googleusercontent.com/UQsWyyjXDahAoi0-dUjLydrmTagUIWbVRnnkfNRrTRXFWLMijYvyE0pe0vKrDEX-1Krp8Idke2NitfKN0Vc6YDwoL8WSPksZf83pRqYX69cthgrHzztLv96r2Z54cLPwavWQPnHHIaE2xTSDtKYwNxwKkovw5QmOt5XkiyADziQUj1jjPai-3cgabCuR40I3-W35Vwj9Qm6BET5z-w8Kh8Mcckjx_hiUHjcZXPqg0FWmU7gc57ypjTICD-SjyVIdlCW6GoT2Z9udMYs3dMHnzq9LqjjRhJ-dtVfqwSFP3TInuJocfw9duSnkKYyZNaO1XhfOjWKna_LSuLcRixxiPpdcnDw4mGN7z0xQ8YfejChslUKRoPHtjdlgfrOCmEossRVN3DAh_knsNjemoEQ9l3rI-nououxXS8UDkUoNKOVu16fesD4mn24WAUPsvEd0kRdTUPcpB7lRxSbq9fRHqlnJeInw8I5-ITm0br88GixyJMNMaFuhzpJfboQcg1GogbmZa9FU2vjyJOgNDEpFdnM73uOp_s907Lk1o89xl1tP9oFtiuBexGBPM0FprJG8g1U-jv7JUB1PoUJAA3flOx1SGzOmhVvOITA_pE-cQqREfDTsqZkheAwGeEuHNtmXwxUnd2GVKYgzSvDTqQ6dyMGUtPqAkLsGCm6Zqky1TZfnxy09sqSOiqU=w116-h103-no | AS31: http://ncrdb.usga.org/ | AT31: 42 | AU31: Me | AW31: 2 | AX31: 9 | AZ31: Devin Blankenship | BA31: Horseshoe Bend Country Club - Gold (Front 9)
A32: Matt Davis | D32: Y | E32: 9.1 | F32: Van courtland - Black (Front 9) | G32: 33.8 | H32: 113 | I32: 49 | J32: 9 | K32: 35 | L32: 49 | M32: 6 | N32: 43 | O32: 15 | P32: 15 | Q32: 6 | R32: R9 | S32: https://storage.googleapis.com/glide-prod.appspot.com/uploads-v2/GNXfNUSV91nct3RVn9zd/pub/gIt90rSX4ZBQM2wvWa2B.jpeg | T32: msdavis66@gmail.com | U32: 45745.624 | V32: 3/29/25 - 2:58 PM | X32: Sat 12/30 - 12:00 AM | Y32: 66d114d8-140f-43f5-af97-6c5205d8cc55 | AC32: Matt Davis | AE32: +14(+6) Thru F | AF32: +14(+6) Thru F | AH32: Thru F | AI32: 14 | AJ32: +14 | AK32: +14(+15) Thru F | AL32: +14(+15) Thru F | AM32: 18 | AN32: 2 | AO32: 2 | AP32: 2 | AR32: https://lh3.googleusercontent.com/Gi7veismj6d99JVt7CQrjL0XTY-r5QRbgyXKckj4F2gupO4EAQeQawfhwK3671nOmSkDxfUGY3sagxYRSrxS4ZD1FNF6zc8P2axGqE7EBKRiAfn7aVVq7tqUieBE4jMdMdMDCbrpiP1JmyzVYdpNiUiG5aSIEYO4M1J_0ymq_YKvWWeGdfBGfk5Kf5k7X-IlDG2FhNMzPw7K0oi1vP5CMr5d1scyhhMEkwV0o_L3-dgG-4dpvwy2omZYIWjRKSSqcxRCcNe04H8dkTLZ7W47ZIL-3XPNI6RXID5cai4FbWkrhq94i7kkk6_B8uYAcVd61_8zfBH0DpBeryEoDnzjuzDj3BeZTavzyb8JBiUdalZKT6cQdoj-JN0Dycm01uT5VVaS6nz81JPy49BEhXJSREV53uq6ZGhECMsDGERamAsUSiMMDHi4Fsfe36LajOyFXsldFOBgN4Q7X5IC29SGRqL2FgEe2fu7XjEjy_YPkJd1AVc816_jKa4HjfA63dq9wBFgJAZFYZYY7OPfhhj5J7hdSrW6H4fAqPNcfC_eYV_cgQjzqZ4IgA8mKYQKyKNpYynZ3vFjKqKlfpaRVe8LqRkG6hoEJ6n94TVVueRRRxw0qTV9c04zmjlgzNO0AM4JO5Dk_b2t2C-EETotBzLQcGqvjQX8FL_lLYhdPlhO6LNdB58HNKEOcXJ_=w116-h103-no | AS32: http://ncrdb.usga.org/ | AT32: 43 | AU32: Me | AW32: 2 | AX32: 9 | AZ32: Matt Davis | BA32: Van courtland - Black (Front 9)
A33: Matt Davis | D33: Y | E33: 9.1 | F33: Van courtland - Black (Back 9) | G33: 35 | H33: 126 | I33: 48 | J33: 9 | K33: 35 | L33: 48 | M33: 3 | N33: 45 | O33: 13 | P33: 13 | Q33: 3 | R33: R9 | S33: https://storage.googleapis.com/glide-prod.appspot.com/uploads-v2/GNXfNUSV91nct3RVn9zd/pub/gIt90rSX4ZBQM2wvWa2B.jpeg | T33: msdavis66@gmail.com | U33: 45745.624 | V33: 3/29/25 - 2:59 PM | X33: Sat 12/30 - 12:00 AM | Y33: a095c0e6-2069-41aa-abdd-65cfae2ec754 | AC33: Matt Davis | AE33: +13(+3) Thru F | AF33: +13(+3) Thru F | AH33: Thru F | AI33: 13 | AJ33: +13 | AK33: +13(+13) Thru F | AL33: +13(+13) Thru F | AM33: 18 | AN33: 2 | AO33: 2 | AP33: 2 | AR33: https://lh3.googleusercontent.com/JjATGugKKHpWtvwGvmGIV3t7kFTXRhkQT7zW4KIZ6R1WW7eHipi1JdFJ5PmD2vrH0D9Dp8lJ9aX7x_2Gc2-D5lrJfeEXepLUmf1WVz3Dju2D3Zd6FZlN7cE22zgpWkUc4iPL77TnSLfWuJ2rIHjqLn-3gjxwVd1kGIlIQl9UN4AeMYs0uS1YRa-WQhAT-M6NdxmBky1_PHnO7nN0wdgcSdcDIjjxRIHfeN7FC5IVI-CaTUsqZokK5vidAti-IvIyG8Uw2kk6IOGp5oKh0EPj2ADkyN-1CmeKU8aieyUk-V0845Ck4wUKJteWI91073AdhFGmgxKd3Hjlzc-Np-Ge9r61-1x6NJEbBVXj8AKpITPSbByhbGPg8h93yIYEReSvf0PxXhKqrj7g8HLQ07Lo07glkkfGx1LDLeiUg8UBKPSl7t9HLDKbutD525SYdw_2zhaF9qWFmpNn42yQuXgB2Mka_wdZP-XekipNSSvE7qz4Z5jDHt8OTmVwbW_Q4f11voiL5DEfwJ6dAvO0G_qM4MwvkehlcOuujY1AeiI_5O-7mOUME6wzDo9t3swjdKVc5Hi6QvbgsitnipDmc21JulEDgenFy9__IysMWLkPDmQFWwZrBik2-MOpfZlWE7T2Jv494_CI5khguyD9rAY7i0miWwQotQvwb_6jascRCMiTEqD5pBzyC0M=w116-h103-no | AS33: http://ncrdb.usga.org/ | AT33: 45 | AU33: Me | AW33: 2 | AX33: 9 | AZ33: Matt Davis | BA33: Van courtland - Black (Back 9)
A34: Cory Arnwine | B34: 8 | C34: 9 | D34: Y | E34: 6.9 | F34: Browns Mill Golf Course - Blue (Back 9) | G34: 35.5 | H34: 125 | J34: 9 | K34: 36 | L34: 44 | M34: -43 | N34: 44 | O34: 9 | P34: 9 | Q34: 1 | R34: R9 | S34: https://storage.googleapis.com/glide-prod.appspot.com/uploads-v2/GNXfNUSV91nct3RVn9zd/pub/ZVOcGslXfVNwGSOfc3Rm.jpeg | T34: carnwine@gmail.com | U34: 45746.448 | V34: 3/30/25 - 10:45 AM | W34: 45746.455 | X34: Sun 3/30 - 10:55 AM | Y34: e62a4215-d23a-42c3-8186-4ab53a8c7e36 | AC34: Cory Arnwine | AE34: +8(+1) Thru F | AF34: +8(+1) Thru F | AH34: Thru F | AI34: 8 | AJ34: +8 | AK34: +8(+9) Thru F | AL34: +8(+9) Thru F | AM34: 18 | AN34: 2 | AO34: 6 | AP34: 4 | AR34: https://lh3.googleusercontent.com/tXy0O0LwConoBkdb4wz_YoG_IEPZfDqZaoIDpGZa5CKtCmLmp2m71LbcF8YmiREiuCeOTIHDVTMw9ukeELSKzkHpe6Tnzv8GGoqqLRz_OzkYzSzlGlbVTnatXkvoOqtb9ewJpjyJ9vZFXND4tWRo9Fp1-teBc0O26J_EUhCkbkwjrUgwkZJ8kTNwRkXyojoOJUyExq-zLSMp9XfdiMPYcVcX-BGMUeuytjeJRH8JbyGg1Zuq4sdTcjSd0vGF4le4Ahkf03P2jn4FsfIzVQ3dPjbzePO8kfJVmSLrgi_UnYvLWfNeeonYS1ZXjKs8DombNrdZNj6UXt73utGXVAIK8pH8f15jMtX1RZdNqZ014Awmd0P32v8g2WZ7X_PCAe3eDKqPHSh9UCFgzcuTP97PcMWt5_HQv7VUqqQvCUfCRQWlcgbUdiq5rI5hLD7VnkA8Ul69Hez2lFM2B9FY3rdyZYjrZ-Vq52OPhUe8XNHaYRUWshyjplJjT2kcFs74Bs7ihIoJ-UwJVQdCOqwEEKeYRtQygGAf_IyNCLInI2OpKTw-lY-UOSZTz10f9R9u0RvtWv5LolPzMztNeHcPdq8TzanctW1yQRntXIKXJycEGNEJxOPMoy2ggRWRG6T1ce0BaL7Lk12smXw8Txql7ih_6AmS95k1S7n6XutAkcoY88h1VQ-0WCFP6mM=w116-h103-no | AS34: http://ncrdb.usga.org/ | AT34: 43 | AU34: Me | AW34: 2 | AX34: 9 | AZ34: Cory Arnwine | BA34: Browns Mill Golf Course - Blue (Back 9) | BB34: 9 | BC34: 8
A35: Alex Edson | D35: Y | E35: 5.5 | F35: Browns Mill Golf Course - Blue (Front 9) | G35: 35.6 | H35: 127 | I35: 42 | J35: 9 | K35: 36 | L35: 42 | M35: 1 | N35: 41 | O35: 6 | P35: 6 | Q35: 1 | R35: R9 | S35: https://storage.googleapis.com/glide-prod.appspot.com/uploads-v2/GNXfNUSV91nct3RVn9zd/pub/MXbvc7EbvlbCRBjsPjcA.jpg | T35: ar3dson@gmail.com | U35: 45746.465 | V35: 3/30/25 - 11:09 AM | X35: Sat 12/30 - 12:00 AM | Y35: 022c749e-b9ba-4ed6-b48b-34f87949fa66 | AC35: Alex Edson | AE35: +6(+1) Thru F | AF35: +6(+1) Thru F | AH35: Thru F | AI35: 6 | AJ35: +6 | AK35: +6(+6) Thru F | AL35: +6(+6) Thru F | AM35: 18 | AN35: 2 | AO35: 8 | AP35: 9 | AR35: https://lh3.googleusercontent.com/tXy0O0LwConoBkdb4wz_YoG_IEPZfDqZaoIDpGZa5CKtCmLmp2m71LbcF8YmiREiuCeOTIHDVTMw9ukeELSKzkHpe6Tnzv8GGoqqLRz_OzkYzSzlGlbVTnatXkvoOqtb9ewJpjyJ9vZFXND4tWRo9Fp1-teBc0O26J_EUhCkbkwjrUgwkZJ8kTNwRkXyojoOJUyExq-zLSMp9XfdiMPYcVcX-BGMUeuytjeJRH8JbyGg1Zuq4sdTcjSd0vGF4le4Ahkf03P2jn4FsfIzVQ3dPjbzePO8kfJVmSLrgi_UnYvLWfNeeonYS1ZXjKs8DombNrdZNj6UXt73utGXVAIK8pH8f15jMtX1RZdNqZ014Awmd0P32v8g2WZ7X_PCAe3eDKqPHSh9UCFgzcuTP97PcMWt5_HQv7VUqqQvCUfCRQWlcgbUdiq5rI5hLD7VnkA8Ul69Hez2lFM2B9FY3rdyZYjrZ-Vq52OPhUe8XNHaYRUWshyjplJjT2kcFs74Bs7ihIoJ-UwJVQdCOqwEEKeYRtQygGAf_IyNCLInI2OpKTw-lY-UOSZTz10f9R9u0RvtWv5LolPzMztNeHcPdq8TzanctW1yQRntXIKXJycEGNEJxOPMoy2ggRWRG6T1ce0BaL7Lk12smXw8Txql7ih_6AmS95k1S7n6XutAkcoY88h1VQ-0WCFP6mM=w116-h103-no | AS35: http://ncrdb.usga.org/ | AT35: 41 | AU35: Me | AW35: 2 | AX35: 9 | AZ35: Alex Edson | BA35: Browns Mill Golf Course - Blue (Front 9)
A36: Alex Edson | D36: Y | E36: 5.5 | F36: Browns Mill Golf Course - Blue (Back 9) | G36: 35.5 | H36: 125 | I36: 42 | J36: 9 | K36: 36 | L36: 42 | M36: 1 | N36: 41 | O36: 7 | P36: 7 | Q36: 1 | R36: R9 | S36: https://storage.googleapis.com/glide-prod.appspot.com/uploads-v2/GNXfNUSV91nct3RVn9zd/pub/MXbvc7EbvlbCRBjsPjcA.jpg | T36: ar3dson@gmail.com | U36: 45746.465 | V36: 3/30/25 - 11:10 AM | W36: 45746.465 | X36: Sun 3/30 - 11:10 AM | Y36: 24c90cdc-7573-4b81-ae60-05a5981677ba | Z36: ar3dson@gmail.com | AA36: 45746.543 | AB36: 3/30/25 - 1:01 PM | AC36: Alex Edson | AD36: Alex Edson | AE36: +6(+1) Thru F | AF36: +6(+1) Thru F | AH36: Thru F | AI36: 6 | AJ36: +6 | AK36: +6(+7) Thru F | AL36: +6(+7) Thru F | AM36: 18 | AN36: 2 | AO36: 8 | AP36: 9 | AR36: https://lh3.googleusercontent.com/tXy0O0LwConoBkdb4wz_YoG_IEPZfDqZaoIDpGZa5CKtCmLmp2m71LbcF8YmiREiuCeOTIHDVTMw9ukeELSKzkHpe6Tnzv8GGoqqLRz_OzkYzSzlGlbVTnatXkvoOqtb9ewJpjyJ9vZFXND4tWRo9Fp1-teBc0O26J_EUhCkbkwjrUgwkZJ8kTNwRkXyojoOJUyExq-zLSMp9XfdiMPYcVcX-BGMUeuytjeJRH8JbyGg1Zuq4sdTcjSd0vGF4le4Ahkf03P2jn4FsfIzVQ3dPjbzePO8kfJVmSLrgi_UnYvLWfNeeonYS1ZXjKs8DombNrdZNj6UXt73utGXVAIK8pH8f15jMtX1RZdNqZ014Awmd0P32v8g2WZ7X_PCAe3eDKqPHSh9UCFgzcuTP97PcMWt5_HQv7VUqqQvCUfCRQWlcgbUdiq5rI5hLD7VnkA8Ul69Hez2lFM2B9FY3rdyZYjrZ-Vq52OPhUe8XNHaYRUWshyjplJjT2kcFs74Bs7ihIoJ-UwJVQdCOqwEEKeYRtQygGAf_IyNCLInI2OpKTw-lY-UOSZTz10f9R9u0RvtWv5LolPzMztNeHcPdq8TzanctW1yQRntXIKXJycEGNEJxOPMoy2ggRWRG6T1ce0BaL7Lk12smXw8Txql7ih_6AmS95k1S7n6XutAkcoY88h1VQ-0WCFP6mM=w116-h103-no | AS36: http://ncrdb.usga.org/ | AT36: 41 | AU36: Me | AW36: 2 | AX36: 9 | AZ36: Alex Edson | BA36: Browns Mill Golf Course - Blue (Back 9)
A37: Hastings Westphal | D37: Y | E37: 7.1 | F37: Bobby Jones GC - Azalea - #7 Tees (9 Holes) | G37: 35.7 | H37: 128 | I37: 43 | J37: 9 | K37: 36 | L37: 43 | M37: 0 | N37: 43 | O37: 7 | P37: 7 | Q37: 0 | R37: R9 | S37: https://firebasestorage.googleapis.com/v0/b/glide-prod.appspot.com/o/img-uploads%2FGNXfNUSV91nct3RVn9zd%2Ffdee84.jpeg?alt=media | T37: vhwestphal@gmail.com | U37: 45746.574 | V37: 3/30/25 - 1:47 PM | X37: Sat 12/30 - 12:00 AM | Y37: 5bff8e81-a23a-4f04-99ab-f6f41de65891 | AC37: Hastings Westphal | AE37: +7(E) Thru F | AF37: +7(E) Thru F | AH37: Thru F | AI37: 7 | AJ37: +7 | AK37: +7(+7) Thru F | AL37: +7(+7) Thru F | AM37: 18 | AN37: 2 | AO37: 7 | AP37: 6 | AR37: https://lh3.googleusercontent.com/QG1aIdUSDImQrtI7DLJap9XYjNgx1ajuEgWzl3ZzKARNR-Un6cFp8Ko63sAVuUxXlh4ZYSu0T2akQQx-nI67usFPhS5dUYuNQX9jUMcjHQM2eevGXkV-1DKg_rbxlAikK6qn3nwYPk_3a27vEVc9canRX5mn5he1Dmpp5EL_y2Gi6am3kH1684HbQxXxIUvmadxjo0TDdZs3nnf9mQwJ16rdspybKV3vpKhVG8JSDW1icF0wTm03Ij3p6WAkBLoqo_jFarA1aF57xrTfT1AVJYqzgGK2wTFV365k422dvYgqHCTUXOaq8iKHCuOefKL0IOLvncPkxzl2n0CpPhNSHUTO9RNhwD3GW7IFWvtNlz0JcqIs4PTZgL0iTWc0am6OuQmd4n2DoGQax3Dzj--xva-dHRPN3gJs8DydnfAPDIR5Pqtfbk7-uSYZBruJhUJuJG0Ywdw5UessTrsvaBgNBDEKXVTVOn5bjOZDz9Kw4_eGZRyB4Wbcgv9Sn5VVDqPkxY1jY198gZMbXKvVJBLSYiecla7ZYVAOf6-yrp7kq1V_iF4P94TCMChogvb-DspOheh8bokK-yom_eftavFt5XYmZ7aAERT-k4EnBPmdK2TK2BAA6IA4oyk8P-1-qToCuWQw_dFPjaxrTN5fED4miEd9r7NptJgpaQTwXG3X2GHkw4p6LqaUvm8=w116-h103-no | AS37: http://ncrdb.usga.org/ | AT37: 43 | AU37: Me | AW37: 2 | AX37: 9 | AZ37: Hastings Westphal | BA37: Bobby Jones GC - Azalea - #7 Tees (9 Holes)
A38: Ashby Foltz | B38: 43 | C38: 18 | D38: Y | E38: 17.7 | F38: Mystery Valley Golf Club - White (18 Holes) | G38: 70.6 | H38: 125 | J38: 18 | K38: 72 | L38: 115 | M38: -89 | N38: 115 | O38: 44 | P38: 44 | Q38: 26 | R38: M | S38: https://minervatour.files.wordpress.com/2019/10/img_5277.jpg | T38: afoltz3@gmail.com | U38: 45747.798 | V38: 3/31/25 - 7:09 PM | W38: 45748.34 | X38: Tue 4/1 - 8:10 AM | Y38: 5e1d15da-69b7-4cac-a482-16082f242bf9 | Z38: rdewling@gmail.com | AA38: 45748.399 | AB38: 4/1/25 - 9:33 AM | AC38: Ashby Foltz | AD38: Robby Dewling | AE38: +43(+26) Thru F | AF38: +43(+26) Thru F | AH38: Thru F | AI38: 43 | AJ38: +43 | AK38: +43(+44) Thru F | AL38: +43(+44) Thru F | AM38: 18 | AN38: 3 | AO38: 2.3 | AP38: 1.3 | AR38: https://lh3.googleusercontent.com/1PlIK2OwNqVrRXZzaxuBCUE9hg-ULy-BhCMoPktJHLjdR2Ub6eXsJnylhR8GfJjKFKaQugAdLuLfKMg2iswpL83WrJdHz86HOvBkQCtViuWwxJE7-vrRYeHUSpJeSCh-SlygRodonWH3moRE3Gi2y_MD7coIToQ5XAwv-PMEggIjFNMqR2eNRnoAxgrSKhzkP0hHPdSGTlR32OTau2mseXSMwDIyQEEq2_CJqVZggQOilzKOzskdv_ks1c6lypRArp--DucIQOOjlF9iJxCeGVI2Lso_S4KeDV3UIRsvwiT9jl4MVSFYRw2GSiAsmncMD3eyBGYkAVPmEd4v2e7ROiWFewYJXtK_2JiLJWMdWc3X_9dyCK8quRyPwIJjL5fahlm3fFMPrp7SY9Aa6jh6kWcPOBpHLmABjnKBnlJFZ93KDBLoceYk2-jAvMntlJL5Gt5oMR9nQCN0i_qE6XXSDpTV96CUuzLExGlPdK_JGIo_sKR2ZPWnFMxjNwHAH62lGbkUHIWwuqgmGvfFrDc8hPD3xnYJGOElKWxzbm-eMu429Ce8MbeLlO_hwk6l1K5H2_4YNiN8Ehi3EgZ7o4bPFGWFmOtjYuz8ybKQlO6PDvjTVsMzjlpzy-wAykwUOfDMNUp0jkBQEVf-r6WGZ2msQeT2FP0bZs-CSscy6_ZrrdtCOB6RBs7EWMU=w116-h103-no | AS38: http://ncrdb.usga.org/ | AT38: 89 | AU38: Me | AW38: 3 | AX38: 18 | AZ38: Ashby Foltz | BA38: Mystery Valley Golf Club - White (18 Holes) | BB38: 18 | BC38: 43
A39: Devin Blankenship | D39: Y | E39: 7.8 | F39: Frederica - Frederica (18 Holes) | G39: 71.7 | H39: 127 | I39: 81 | J39: 18 | K39: 72 | L39: 81 | M39: 1 | N39: 80 | O39: 9 | P39: 9 | Q39: 1 | R39: M | S39: https://storage.googleapis.com/glide-prod.appspot.com/uploads-v2/GNXfNUSV91nct3RVn9zd/pub/3IF1Dcz5QrdTlzpion8b.jpeg | T39: blankdc.db@gmail.com | U39: 45749.785 | V39: 4/2/25 - 6:50 PM | X39: Sat 12/30 - 12:00 AM | Y39: ca748039-d4de-48ca-b198-753d897556c3 | AC39: Devin Blankenship | AE39: +9(+1) Thru F | AF39: +9(+1) Thru F | AH39: Thru F | AI39: 9 | AJ39: +9 | AK39: +9(+9) Thru F | AL39: +9(+9) Thru F | AM39: 18 | AN39: 3 | AO39: 13.3 | AP39: 10.3 | AR39: https://lh3.googleusercontent.com/tXy0O0LwConoBkdb4wz_YoG_IEPZfDqZaoIDpGZa5CKtCmLmp2m71LbcF8YmiREiuCeOTIHDVTMw9ukeELSKzkHpe6Tnzv8GGoqqLRz_OzkYzSzlGlbVTnatXkvoOqtb9ewJpjyJ9vZFXND4tWRo9Fp1-teBc0O26J_EUhCkbkwjrUgwkZJ8kTNwRkXyojoOJUyExq-zLSMp9XfdiMPYcVcX-BGMUeuytjeJRH8JbyGg1Zuq4sdTcjSd0vGF4le4Ahkf03P2jn4FsfIzVQ3dPjbzePO8kfJVmSLrgi_UnYvLWfNeeonYS1ZXjKs8DombNrdZNj6UXt73utGXVAIK8pH8f15jMtX1RZdNqZ014Awmd0P32v8g2WZ7X_PCAe3eDKqPHSh9UCFgzcuTP97PcMWt5_HQv7VUqqQvCUfCRQWlcgbUdiq5rI5hLD7VnkA8Ul69Hez2lFM2B9FY3rdyZYjrZ-Vq52OPhUe8XNHaYRUWshyjplJjT2kcFs74Bs7ihIoJ-UwJVQdCOqwEEKeYRtQygGAf_IyNCLInI2OpKTw-lY-UOSZTz10f9R9u0RvtWv5LolPzMztNeHcPdq8TzanctW1yQRntXIKXJycEGNEJxOPMoy2ggRWRG6T1ce0BaL7Lk12smXw8Txql7ih_6AmS95k1S7n6XutAkcoY88h1VQ-0WCFP6mM=w116-h103-no | AS39: http://ncrdb.usga.org/ | AT39: 80 | AU39: Me | AW39: 3 | AX39: 18 | AZ39: Devin Blankenship | BA39: Frederica - Frederica (18 Holes)
A40: Alex Edson | B40: 9 | C40: 9 | D40: Y | E40: 10.9 | F40: Mystery Valley Golf Club - Blue (18 Holes) | G40: 71.6 | H40: 127 | I40: 84 | J40: 18 | K40: 72 | L40: 84 | M40: 1 | N40: 87 | O40: 12 | P40: 12 | Q40: 1 | R40: M | S40: https://storage.googleapis.com/glide-prod.appspot.com/uploads-v2/GNXfNUSV91nct3RVn9zd/pub/MXbvc7EbvlbCRBjsPjcA.jpg | T40: ar3dson@gmail.com | U40: 45751.925 | V40: 4/4/25 - 10:12 PM | W40: 45752.549 | X40: Sat 4/5 - 1:10 PM | Y40: 5567f765-dd5b-44f5-a810-24c54b156ad9 | Z40: ar3dson@gmail.com | AA40: 45752.739 | AB40: 4/5/25 - 5:44 PM | AC40: Alex Edson | AD40: Alex Edson | AE40: +12(+1) Thru F | AF40: +12(+1) Thru F | AH40: Thru F | AI40: 12 | AJ40: +12 | AK40: +12(+12) Thru F | AL40: +12(+12) Thru F | AM40: 18 | AN40: 3 | AO40: 5.3 | AP40: 8.3 | AR40: https://lh3.googleusercontent.com/tXy0O0LwConoBkdb4wz_YoG_IEPZfDqZaoIDpGZa5CKtCmLmp2m71LbcF8YmiREiuCeOTIHDVTMw9ukeELSKzkHpe6Tnzv8GGoqqLRz_OzkYzSzlGlbVTnatXkvoOqtb9ewJpjyJ9vZFXND4tWRo9Fp1-teBc0O26J_EUhCkbkwjrUgwkZJ8kTNwRkXyojoOJUyExq-zLSMp9XfdiMPYcVcX-BGMUeuytjeJRH8JbyGg1Zuq4sdTcjSd0vGF4le4Ahkf03P2jn4FsfIzVQ3dPjbzePO8kfJVmSLrgi_UnYvLWfNeeonYS1ZXjKs8DombNrdZNj6UXt73utGXVAIK8pH8f15jMtX1RZdNqZ014Awmd0P32v8g2WZ7X_PCAe3eDKqPHSh9UCFgzcuTP97PcMWt5_HQv7VUqqQvCUfCRQWlcgbUdiq5rI5hLD7VnkA8Ul69Hez2lFM2B9FY3rdyZYjrZ-Vq52OPhUe8XNHaYRUWshyjplJjT2kcFs74Bs7ihIoJ-UwJVQdCOqwEEKeYRtQygGAf_IyNCLInI2OpKTw-lY-UOSZTz10f9R9u0RvtWv5LolPzMztNeHcPdq8TzanctW1yQRntXIKXJycEGNEJxOPMoy2ggRWRG6T1ce0BaL7Lk12smXw8Txql7ih_6AmS95k1S7n6XutAkcoY88h1VQ-0WCFP6mM=w116-h103-no | AS40: http://ncrdb.usga.org/ | AT40: 83 | AU40: Me | AW40: 3 | AX40: 18 | AZ40: Alex Edson | BA40: Mystery Valley Golf Club - Blue (18 Holes) | BB40: 9 | BC40: 9
A41: Robby Dewling | B41: 15 | C41: 18 | D41: Y | E41: 7.3 | F41: The Fields Golf Club - Blue (18 Holes) | G41: 72.2 | H41: 130 | J41: 18 | K41: 71 | L41: 86 | M41: -80 | N41: 86 | O41: 14 | P41: 14 | Q41: 6 | R41: M | S41: https://storage.googleapis.com/glide-prod.appspot.com/uploads-v2/GNXfNUSV91nct3RVn9zd/pub/wD9y0NT35v2ch7ZEGxQP.jpeg | T41: rdewling@gmail.com | U41: 45752.318 | V41: 4/5/25 - 7:38 AM | W41: 45753.438 | X41: Sun 4/6 - 10:30 AM | Y41: 5044fe46-4fdc-44f5-ac89-97ae10014eb4 | AC41: Robby Dewling | AE41: +15(+6) Thru F | AF41: +15(+6) Thru F | AH41: Thru F | AI41: 15 | AJ41: +15 | AK41: +15(+14) Thru F | AL41: +15(+14) Thru F | AM41: 18 | AN41: 3 | AO41: 10.3 | AP41: 13.3 | AR41: https://lh3.googleusercontent.com/Gi7veismj6d99JVt7CQrjL0XTY-r5QRbgyXKckj4F2gupO4EAQeQawfhwK3671nOmSkDxfUGY3sagxYRSrxS4ZD1FNF6zc8P2axGqE7EBKRiAfn7aVVq7tqUieBE4jMdMdMDCbrpiP1JmyzVYdpNiUiG5aSIEYO4M1J_0ymq_YKvWWeGdfBGfk5Kf5k7X-IlDG2FhNMzPw7K0oi1vP5CMr5d1scyhhMEkwV0o_L3-dgG-4dpvwy2omZYIWjRKSSqcxRCcNe04H8dkTLZ7W47ZIL-3XPNI6RXID5cai4FbWkrhq94i7kkk6_B8uYAcVd61_8zfBH0DpBeryEoDnzjuzDj3BeZTavzyb8JBiUdalZKT6cQdoj-JN0Dycm01uT5VVaS6nz81JPy49BEhXJSREV53uq6ZGhECMsDGERamAsUSiMMDHi4Fsfe36LajOyFXsldFOBgN4Q7X5IC29SGRqL2FgEe2fu7XjEjy_YPkJd1AVc816_jKa4HjfA63dq9wBFgJAZFYZYY7OPfhhj5J7hdSrW6H4fAqPNcfC_eYV_cgQjzqZ4IgA8mKYQKyKNpYynZ3vFjKqKlfpaRVe8LqRkG6hoEJ6n94TVVueRRRxw0qTV9c04zmjlgzNO0AM4JO5Dk_b2t2C-EETotBzLQcGqvjQX8FL_lLYhdPlhO6LNdB58HNKEOcXJ_=w116-h103-no | AS41: http://ncrdb.usga.org/ | AT41: 80 | AU41: Me | AW41: 3 | AX41: 18 | AZ41: Robby Dewling | BA41: The Fields Golf Club - Blue (18 Holes) | BB41: 18 | BC41: 15
A42: Cory Arnwine | B42: 26 | C42: 18 | D42: Y | E42: 13.7 | F42: The Fields Golf Club - Blue (18 Holes) | G42: 72.2 | H42: 130 | J42: 18 | K42: 71 | L42: 97 | M42: -87 | N42: 97 | O42: 25 | P42: 25 | Q42: 10 | R42: M | S42: https://storage.googleapis.com/glide-prod.appspot.com/uploads-v2/GNXfNUSV91nct3RVn9zd/pub/ZVOcGslXfVNwGSOfc3Rm.jpeg | T42: rdewling@gmail.com | U42: 45752.319 | V42: 4/5/25 - 7:39 AM | W42: Sun 4/6 - 10:30 AM | X42: Sun 4/6 - 10:30 AM | Y42: 6b2c34f0-9267-4318-b54f-93bc7512affd | AC42: Robby Dewling | AE42: +26(+10) Thru F | AF42: +26(+10) Thru F | AH42: Thru F | AI42: 26 | AJ42: +26 | AK42: +26(+25) Thru F | AL42: +26(+25) Thru F | AM42: 18 | AN42: 3 | AO42: 4.3 | AP42: 5.3 | AR42: https://lh3.googleusercontent.com/5ZlbW3TKdjJFToqMJgLuB2Rh55eAQZeql2fkbPHtH-0MzHMpgUMsjd6qBLkLUU5WonSzJ2i3La4_P0gy9b2bMntKwMDsITsY7920TIzFZE2ns5Poyu_HfVprP9TkHTQDT0syYK6iyBmIpvvzR5zxUxSRWfjY9ZlRWUieV1RwNh4ROY2-V7AtyY-pV2AfOpkrfpezVc_KgIVpUrT5Lo2_hRbfrFsOeFmv6vD9ftrdFRlBWLAbrWPIuAuews7tLnYJa275nka-iwBQknWMTMjlUc2cbIDwq_pM3EJkko-rILrmBwwDne6Asy8YNf382Cu15P0ZGg6GLrV1cgND4of3FRwRartF4azpghz77F0rh_-EW58yJM6nnY16RME8ky8v-3m_2WBabofDN6c0kADOObcXkrn3b8k2EfEUf5zen4_p4dZIF6UlaZOFMlEpYrh-L5uomXezcQNSXzgxlmkXVUnNg4RLgervQHO8Qo_aisaDwKlielwij7mkpmzvQ2o4JpBUumBL0e2yN5NLHJothNtUkyVEPEzSMlTj45_-6kgacUjgnAEE4uT4FImI2WjsIUI_Q3Mf9Rs5LCrMkcmRqGzBxHpmwOAp9H9qkwigMmAPrCrAk41z4URik0tjoOSKMTproiwWqfIgVhnP9X4pxDY9CpOGIpcDB1UXxeMBbwxeBaliQOYjnjUs=w116-h103-no | AS42: http://ncrdb.usga.org/ | AT42: 87 | AU42: Other Member | AV42: Cory Arnwine | AW42: 3 | AX42: 18 | AZ42: Cory Arnwine | BA42: The Fields Golf Club - Blue (18 Holes) | BB42: 18 | BC42: 26
A43: George Lane | B43: 28 | C43: 18 | D43: Y | E43: 9.8 | F43: Country Club of Roswell - Blue (18 Holes) | G43: 72.6 | H43: 140 | J43: 18 | K43: 71 | L43: 99 | M43: -84 | N43: 99 | O43: 26 | P43: 26 | Q43: 15 | R43: M | S43: https://firebasestorage.googleapis.com/v0/b/glide-prod.appspot.com/o/img-uploads%2FGNXfNUSV91nct3RVn9zd%2Fb607eb.jpeg?alt=media | T43: gmlane@gmail.com | U43: 45754.668 | V43: 4/7/25 - 4:02 PM | W43: 45757.365 | X43: Thu 4/10 - 8:45 AM | Y43: 93da8a92-9769-4ff5-aa28-1380f8b0b7f8 | AC43: George Lane | AE43: +28(+15) Thru F | AF43: +28(+15) Thru F | AH43: Thru F | AI43: 28 | AJ43: +28 | AK43: +28(+26) Thru F | AL43: +28(+26) Thru F | AM43: 18 | AN43: 3 | AO43: 1.3 | AP43: 3.3 | AR43: https://lh3.googleusercontent.com/a9V4lF1ycMxxjPmIgy902ZSmPzOU_YmG-VkvT0e2wsKQuNGA7kcey1B8ybdIWnKztRT4-nv4QkS6Oxxokhw99rprpiQDmy8qP82g6T_UxzgzBCMs4jv-EMbzEx6qor9f_uSsJjFaL0cxlt9IueSONwkJhXDaYfn5VWnaXleI6muOrYr_bqimUymKHVaXfWD_ig0TaiDIiQLFfo0KkCA0ZfxXHSOsAODXvfBJAOWMkg-OZwneSH28e9c4BQ8CZkPMBrKu5OqJqrzowsOH-SBOL3LfHH4HXrw5PODn8hl1qqA1hzOs4pQXD-v0O6XSddiMKV3rW-KQ-rxmqZHJkzhW9YRgCinyMX3dChByM21uWHa4jwOMHU1GVdCnras2sFouya0hDEjkVm48QljCbZYdxh4Mh51hzYR9OVbzXhoXXMjkLARIp0fjVqr4nzUW_ClHDiuS0fsnTALHs2lPAJLCCI_nlFy2RRtrwtsH0Bc9zjyn3AZGBvhLqixTBSiF7zjWOWhGRE3qA2ESPzcaBEaif3cqxK0eyGmcGCJ0jPFQ4lj9ZFSM3jQwD1qWTGGVqB1KWuzeiBMchfV_bZz5VEArI5COBkVpw8wCLFRpRX3CEf5Qp7CPBdBgMqbdz9KR_lNLeRWXe9NJXzZc41RIYs-AztiBmLGPNYLGwCSjNvjqT12Yiqq_f7vYylg=w116-h103-no | AS43: http://ncrdb.usga.org/ | AT43: 84 | AU43: Me | AW43: 3 | AX43: 18 | AZ43: George Lane | BA43: Country Club of Roswell - Blue (18 Holes) | BB43: 18 | BC43: 28
A44: Robby Dewling | B44: 9 | C44: 18 | D44: Y | E44: 7.3 | F44: Country Club of Roswell - Blue (18 Holes) | G44: 72.6 | H44: 140 | J44: 18 | K44: 71 | L44: 80 | M44: -81 | N44: 80 | O44: 7 | P44: 7 | Q44: -1 | R44: M | S44: https://storage.googleapis.com/glide-prod.appspot.com/uploads-v2/GNXfNUSV91nct3RVn9zd/pub/wD9y0NT35v2ch7ZEGxQP.jpeg | T44: gmlane@gmail.com | U44: 45754.669 | V44: 4/7/25 - 4:02 PM | W44: 45757.365 | X44: Thu 4/10 - 8:45 AM | Y44: 9ee3c0b0-39f8-409e-bd6b-dd798c849f9f | Z44: gmlane@gmail.com | AA44: 45754.669 | AB44: 4/7/25 - 4:03 PM | AC44: George Lane | AD44: George Lane | AE44: +9(-1) Thru F | AF44: +9(-1) Thru F | AH44: Thru F | AI44: 9 | AJ44: +9 | AK44: +9(+7) Thru F | AL44: +9(+7) Thru F | AM44: 18 | AN44: 3 | AO44: 10.3 | AP44: 13.3 | AR44: https://lh3.googleusercontent.com/y79LG6IOyNlVI4nffsIu4kI94A0lbmxdi17sZmagyGBM9juhotJIZKgEmCBQ5C6BbuOQynHSrWnhIXR2m9uqHLciIKN2MrW9qbGJyoudCFhpHWtdBTvr-4MZ91EmiAxZo-GLDbymXRZwcNv_4Xx93GIstPTH4x6D4b-eBTuBlH_cMPeKJib5TV0JXyI9l3bReZxhIr7Hr8R4sspZ3z0N5ggeS1646Nh1YTgVyOt76WNYZ7X4P3VNRcYlqSV1yAb6UI4gglnSJ7eJiB3_oQzoCkS95Yv1iwlJcPZokLGVsmMNRugyTGVq5tE5VfB_Dk2UuJPCz8zRm4519cvKV2rULEzDrMc8ExWBi486KOB6ILkTZ17wfSom6dp2awhc1RFxXEWo7hvoYir_JjZyBOgTaqT2QCnNpynOfK8VjCfw8z8rqE-Pdn6z-9wnXKbvolaV4iFENkO_RSjcmm2QgI8BmSzsCioYESsgVYbVlQ9L9oQ-U6K99A1Xbj3F5SGs4Hb2fzqT37cDyzLr7cDeciH-d7Y_yY2MkILh73v3IjJikE66jgVVxBDqrK_Vqqnc-NYzz0jCpKGxIoE3h2-VWCUSmVohoFhCLJacUX-CGyCzDechjKtn9h1jcpE_gXm9lolhadIiGRv41PRR3IYH2vhh4A7QQ_x9E29hO6RPPlRy8ygFeDLiYAeHqUU=w116-h103-no | AS44: http://ncrdb.usga.org/ | AT44: 81 | AU44: Other Member | AV44: Robby Dewling | AW44: 3 | AX44: 18 | AZ44: Robby Dewling | BA44: Country Club of Roswell - Blue (18 Holes) | BB44: 18 | BC44: 9
A45: Devin Blankenship | D45: Y | E45: 7.8 | F45: Wicker Point - III (18 Holes) | G45: 71 | H45: 132 | I45: 78 | J45: 18 | K45: 71 | L45: 78 | M45: -2 | N45: 80 | O45: 7 | P45: 7 | Q45: -2 | R45: M | S45: https://storage.googleapis.com/glide-prod.appspot.com/uploads-v2/GNXfNUSV91nct3RVn9zd/pub/3IF1Dcz5QrdTlzpion8b.jpeg | T45: blankdc.db@gmail.com | U45: 45755.627 | V45: 4/8/25 - 3:03 PM | X45: Sat 12/30 - 12:00 AM | Y45: 7b7e4252-74c2-41a2-bc57-57586efbe651 | AC45: Devin Blankenship | AE45: +7(-2) Thru F | AF45: +7(-2) Thru F | AH45: Thru F | AI45: 7 | AJ45: +7 | AK45: +7(+7) Thru F | AL45: +7(+7) Thru F | AM45: 18 | AN45: 3 | AO45: 13.3 | AP45: 10.3 | AR45: https://lh3.googleusercontent.com/x0ix3S7bpMOabPeZRXBg0nEImQtplRA1q3eQ8YUWtTOrF32DwhWCDhQ3GjiBI9rmOrAex1Cfa2vMCJY0SjO4ABjsKMOu0ohQfugUsj4BA3XXuqHI_oH6zc7pKasqpWzBfn4M9CJ-zDffT4pfvdokIeu20pNTpJ4N6wHzYeyTpjhI9T6BsAA20CZfJ2g_c0QQZBG1wXoAmw-BRe2R48tVePkuLMOm5Zow2wPA-GfbVYz4dsl7Lq5gYz5Vq8js3ZjUXQgCeps_W-_xyMvjg3FPvbKFa5Cp6xrhYfKXE8Pq7hpofwuchGM6jim3yis0NcalLFBa8c70PSRcJJRmz7RPakSpqXfihxuvIUkpsftCOtPZtwX4tGKTBNnq4Q-fryTV80RL4V1RYhomZIAnNtBR3mTTOJiXLC_FXj8y_CmpD-pFvMIsT1nuc2qLW-FUjpQiZ9IKyAQmgwVPYT-IiLX-MYxrO5lyz5y-YX_brmFrtR5vPPVlAoSW2TB42e7ga_0oQQGC_cn28wG-aLU8HsV3qZg7OJ3VvblsTtpn7x0JJxM1t9ixP4RdDO4Gch7dh6ud_xDdop8_chrGk5SEVh_lT2XHT4iLIPsUo24PeHL_Ik6fCRx3Srv8_mYqftJqii2onn6HybEUOAIlBZgu38gDxLjc9_yfxTYSCjgNSp8zFw5tpj9LH5h0-6I=w116-h103-no | AS45: http://ncrdb.usga.org/ | AT45: 80 | AU45: Me | AW45: 3 | AX45: 18 | AZ45: Devin Blankenship | BA45: Wicker Point - III (18 Holes)
A46: Robby Dewling | B46: 18 | C46: 18 | D46: Y | E46: 7.3 | F46: Brown's Mill Golf Course - Blue (18 Holes) | G46: 71.1 | H46: 126 | J46: 18 | K46: 72 | L46: 90 | M46: -79 | N46: 90 | O46: 19 | P46: 19 | Q46: 11 | R46: M | S46: https://storage.googleapis.com/glide-prod.appspot.com/uploads-v2/GNXfNUSV91nct3RVn9zd/pub/wD9y0NT35v2ch7ZEGxQP.jpeg | T46: rdewling@gmail.com | U46: 45755.684 | V46: 4/8/25 - 4:25 PM | X46: Sat 12/30 - 12:00 AM | Y46: 716a1dbe-bcb3-4f49-b330-699042683afc | Z46: rdewling@gmail.com | AA46: 45755.825 | AB46: 4/8/25 - 7:48 PM | AC46: Robby Dewling | AD46: Robby Dewling | AE46: +18(+11) Thru F | AF46: +18(+11) Thru F | AH46: Thru F | AI46: 18 | AJ46: +18 | AK46: +18(+19) Thru F | AL46: +18(+19) Thru F | AM46: 18 | AN46: 3 | AO46: 10.3 | AP46: 13.3 | AR46: https://lh3.googleusercontent.com/f6LT_lgvoBwAyCd1sOsB9IYSw2qg3QHVyMWdO_7_wfTeDbkpoWIy6Dwt5WV-TwMkw2biER9MNxYwfQb74buf2sGfjItNh4fRVvuCi-3KNGWhTGNnZEQ85TAU7r2D_erZpQQrocEExyUTY0aj7AkkuDB0xPZeQBG3-bQsf0yeaZLk0uSkPpXWhifH47EUhLPgDgVi2JbpcW-V2LuRm9PmQJOREntVMpnUSnjwtJe6xqOEgkliHM7x2MvBQw6Upj6NiJBZP_PkjIaJWz5WMeDcZJ_sOa78_SLcPO7N9CG14YNG2bk9LTFd2a5qGceZtm1fmxr1faYJKP6RiiwrskYiMMUFvIXntjRnPQ-uWYPlYXlW5Oekp3X-yX5Fqs_zNTir9GMzhkpBBdBX-35IF1aiht4loB-ydzjwouQ8ihdupP4_VQd9yDTFB3766Bg49Shza4bfhMgod0H0KJkbkqZq3w1X0D1ChC40j07bqI2PskwsMRl1WM5NaZA5GJzC-VWYxJAWgvBq1k_bWFVjsn52HMqkRglBh5YBE9-vu1SpOgC-m6GGNc8th3p0ISxNd4ERocUdSo9seYcLY5Uy8s8AeJDi6bT5cUr0K6f5Gl74zN2LQ8yANlWdq4ruSgXFT6FctCmRpuyzklRH963LGip6-hv37WNRh4kaPk0fyOhQJHmNhLLTKyb238Q=w116-h103-no | AS46: http://ncrdb.usga.org/ | AT46: 79 | AU46: Me | AW46: 3 | AX46: 18 | AZ46: Robby Dewling | BA46: Brown's Mill Golf Course - Blue (18 Holes) | BB46: 18 | BC46: 18
A47: David Mustard | B47: 10 | C47: 18 | D47: Y | E47: 11.3 | F47: Walnut Creek Golf Preserve - 3 (18 Holes) | G47: 69.9 | H47: 125 | J47: 18 | K47: 72 | L47: 82 | M47: -82 | N47: 82 | O47: 12 | P47: 12 | Q47: 0 | R47: M | S47: https://firebasestorage.googleapis.com/v0/b/glide-prod.appspot.com/o/img-uploads%2FGNXfNUSV91nct3RVn9zd%2F0c43b8.jpeg?alt=media | T47: dmustard@gmail.com | U47: 45757.47 | V47: 4/10/25 - 11:16 AM | W47: 45757.458 | X47: Thu 4/10 - 11:00 AM | Y47: d6a8e216-45f8-41da-b875-bff4825eff77 | AC47: David Mustard | AE47: +10(E) Thru F | AF47: +10(E) Thru F | AH47: Thru F | AI47: 10 | AJ47: +10 | AK47: +10(+12) Thru F | AL47: +10(+12) Thru F | AM47: 18 | AN47: 3 | AO47: 7.3 | AP47: 7.3 | AR47: https://lh3.googleusercontent.com/QG1aIdUSDImQrtI7DLJap9XYjNgx1ajuEgWzl3ZzKARNR-Un6cFp8Ko63sAVuUxXlh4ZYSu0T2akQQx-nI67usFPhS5dUYuNQX9jUMcjHQM2eevGXkV-1DKg_rbxlAikK6qn3nwYPk_3a27vEVc9canRX5mn5he1Dmpp5EL_y2Gi6am3kH1684HbQxXxIUvmadxjo0TDdZs3nnf9mQwJ16rdspybKV3vpKhVG8JSDW1icF0wTm03Ij3p6WAkBLoqo_jFarA1aF57xrTfT1AVJYqzgGK2wTFV365k422dvYgqHCTUXOaq8iKHCuOefKL0IOLvncPkxzl2n0CpPhNSHUTO9RNhwD3GW7IFWvtNlz0JcqIs4PTZgL0iTWc0am6OuQmd4n2DoGQax3Dzj--xva-dHRPN3gJs8DydnfAPDIR5Pqtfbk7-uSYZBruJhUJuJG0Ywdw5UessTrsvaBgNBDEKXVTVOn5bjOZDz9Kw4_eGZRyB4Wbcgv9Sn5VVDqPkxY1jY198gZMbXKvVJBLSYiecla7ZYVAOf6-yrp7kq1V_iF4P94TCMChogvb-DspOheh8bokK-yom_eftavFt5XYmZ7aAERT-k4EnBPmdK2TK2BAA6IA4oyk8P-1-qToCuWQw_dFPjaxrTN5fED4miEd9r7NptJgpaQTwXG3X2GHkw4p6LqaUvm8=w116-h103-no | AS47: http://ncrdb.usga.org/ | AT47: 82 | AU47: Me | AW47: 3 | AX47: 18 | AZ47: David Mustard | BA47: Walnut Creek Golf Preserve - 3 (18 Holes) | BB47: 18 | BC47: 10
A48: Matt Davis | D48: Y | E48: 18.2 | F48: Augusta Country Club - Ogilvie (18 Holes) | G48: 70.7 | H48: 128 | I48: 90 | J48: 18 | K48: 72 | L48: 90 | M48: 0 | N48: 90 | O48: 19 | P48: 19 | Q48: 0 | R48: M | S48: https://storage.googleapis.com/glide-prod.appspot.com/uploads-v2/GNXfNUSV91nct3RVn9zd/pub/gIt90rSX4ZBQM2wvWa2B.jpeg | T48: msdavis66@gmail.com | U48: 45758.836 | V48: 4/11/25 - 8:04 PM | X48: Sat 12/30 - 12:00 AM | Y48: f3d1efd2-6f8d-4b58-88aa-a1de90031b4d | AC48: Matt Davis | AE48: +18(E) Thru F | AF48: +18(E) Thru F | AH48: Thru F | AI48: 18 | AJ48: +18 | AK48: +18(+19) Thru F | AL48: +18(+19) Thru F | AM48: 18 | AN48: 3 | AO48: 8.3 | AP48: 4.3 | AR48: https://lh3.googleusercontent.com/QG1aIdUSDImQrtI7DLJap9XYjNgx1ajuEgWzl3ZzKARNR-Un6cFp8Ko63sAVuUxXlh4ZYSu0T2akQQx-nI67usFPhS5dUYuNQX9jUMcjHQM2eevGXkV-1DKg_rbxlAikK6qn3nwYPk_3a27vEVc9canRX5mn5he1Dmpp5EL_y2Gi6am3kH1684HbQxXxIUvmadxjo0TDdZs3nnf9mQwJ16rdspybKV3vpKhVG8JSDW1icF0wTm03Ij3p6WAkBLoqo_jFarA1aF57xrTfT1AVJYqzgGK2wTFV365k422dvYgqHCTUXOaq8iKHCuOefKL0IOLvncPkxzl2n0CpPhNSHUTO9RNhwD3GW7IFWvtNlz0JcqIs4PTZgL0iTWc0am6OuQmd4n2DoGQax3Dzj--xva-dHRPN3gJs8DydnfAPDIR5Pqtfbk7-uSYZBruJhUJuJG0Ywdw5UessTrsvaBgNBDEKXVTVOn5bjOZDz9Kw4_eGZRyB4Wbcgv9Sn5VVDqPkxY1jY198gZMbXKvVJBLSYiecla7ZYVAOf6-yrp7kq1V_iF4P94TCMChogvb-DspOheh8bokK-yom_eftavFt5XYmZ7aAERT-k4EnBPmdK2TK2BAA6IA4oyk8P-1-qToCuWQw_dFPjaxrTN5fED4miEd9r7NptJgpaQTwXG3X2GHkw4p6LqaUvm8=w116-h103-no | AS48: http://ncrdb.usga.org/ | AT48: 90 | AU48: Me | AW48: 3 | AX48: 18 | AZ48: Matt Davis | BA48: Augusta Country Club - Ogilvie (18 Holes)
A49: Grady Bunn | B49: 15 | C49: 18 | D49: Y | E49: 13.6 | F49: Alfred Tup Holmes GC - Blue (18 Holes) | G49: 70 | H49: 125 | J49: 18 | K49: 72 | L49: 87 | M49: -84 | N49: 87 | O49: 17 | P49: 17 | Q49: 3 | R49: M | S49: https://lh3.googleusercontent.com/gQ_FaH2AF_jSJxRNubfcwX3XqG6dcE7KFTHqzUDgdA65lfy57Xnyo2e7D9_ADkXMZDwDprlQ0N8SlSm05CAfkEcLacfWCA0iqKpi5-HBqfCMD3rKMs77CSSzBgDIJPtHWC8lCOtteTiqTljHAcT1-cFtDPSLAC6ryzrYmGoAoI5BlvKRScFk1OMxT2Bz7pWyjn7fkq5GBrAkO1IuaNMgVljRyHjVn3j4j-oL8pGhycJUFlz1nuyea1eDCSU4IwYOfCGfLzodUa4OwrJmuf6CodGiJCB5VR6MYxBUylhMQYa5E-KczOv0t11ByK7uOpvrKtoTdi3tqJvaWgVC0nTYAMlVv7e5sH6_p8vg7h41LS898KW48eXRhJFrAGO2OzZeiy-xOyfD6hxeZ0flReFuhDSrrxF-X-EOf3dMk0FFIcO3TMNC2dzAGzhmpOUwNWKPidDdV_0I2k3dvG7Dguy5auAKUDTJgjgpetzcK5KElhRL-ZdNA6s39BoQgHpB7hsJsw2DZfT2_4ftVj4a-CN6iJdHTdb8QMjIAzCxDiUFlaDUXPHsUo1O8mt6ISJfruKOjsoClx4lDsa_J3M6Bu6h6rojA-_Vu7bbIWAGYFOafxWG3Xq9cqTcI2DGtkLFQg646TzUbrVkNyEGW0xTZxdRUKl7re6bW-F9JbDnigcq-d1XKLtY6P-l7sKdDxo9e-Q9nxMbMaItT4Bio7fNSvFa8gUDuTD_WHt9rtrljgqiOhmxX6Gr=w1250-h937-no | T49: grady.bunn@gmail.com | U49: 45758.903 | V49: 4/11/25 - 9:39 PM | W49: 45759.544 | X49: Sat 4/12 - 1:03 PM | Y49: 8e1245cf-3aec-4028-8f0e-5610b9b3e13a | AC49: Grady Bunn | AE49: +15(+3) Thru F | AF49: +15(+3) Thru F | AH49: Thru F | AI49: 15 | AJ49: +15 | AK49: +15(+17) Thru F | AL49: +15(+17) Thru F | AM49: 18 | AN49: 3 | AO49: 3.3 | AP49: 6.3 | AR49: https://lh3.googleusercontent.com/JjATGugKKHpWtvwGvmGIV3t7kFTXRhkQT7zW4KIZ6R1WW7eHipi1JdFJ5PmD2vrH0D9Dp8lJ9aX7x_2Gc2-D5lrJfeEXepLUmf1WVz3Dju2D3Zd6FZlN7cE22zgpWkUc4iPL77TnSLfWuJ2rIHjqLn-3gjxwVd1kGIlIQl9UN4AeMYs0uS1YRa-WQhAT-M6NdxmBky1_PHnO7nN0wdgcSdcDIjjxRIHfeN7FC5IVI-CaTUsqZokK5vidAti-IvIyG8Uw2kk6IOGp5oKh0EPj2ADkyN-1CmeKU8aieyUk-V0845Ck4wUKJteWI91073AdhFGmgxKd3Hjlzc-Np-Ge9r61-1x6NJEbBVXj8AKpITPSbByhbGPg8h93yIYEReSvf0PxXhKqrj7g8HLQ07Lo07glkkfGx1LDLeiUg8UBKPSl7t9HLDKbutD525SYdw_2zhaF9qWFmpNn42yQuXgB2Mka_wdZP-XekipNSSvE7qz4Z5jDHt8OTmVwbW_Q4f11voiL5DEfwJ6dAvO0G_qM4MwvkehlcOuujY1AeiI_5O-7mOUME6wzDo9t3swjdKVc5Hi6QvbgsitnipDmc21JulEDgenFy9__IysMWLkPDmQFWwZrBik2-MOpfZlWE7T2Jv494_CI5khguyD9rAY7i0miWwQotQvwb_6jascRCMiTEqD5pBzyC0M=w116-h103-no | AS49: http://ncrdb.usga.org/ | AT49: 84 | AU49: Me | AW49: 3 | AX49: 18 | AZ49: Grady Bunn | BA49: Alfred Tup Holmes GC - Blue (18 Holes) | BB49: 18 | BC49: 15
A50: Ashby Foltz | B50: 34 | C50: 18 | D50: Y | E50: 17.7 | F50: Brookfield Country Club - Gold (18 Holes) | G50: 72.9 | H50: 139 | J50: 18 | K50: 72 | L50: 106 | M50: -94 | N50: 106 | O50: 33 | P50: 33 | Q50: 12 | R50: M | S50: https://minervatour.files.wordpress.com/2019/10/img_5277.jpg | T50: afoltz3@gmail.com | U50: 45759.529 | V50: 4/12/25 - 12:42 PM | W50: 45759.583 | X50: Sat 4/12 - 2:00 PM | Y50: 0f2f1cd5-f0bb-488c-8bda-d8d80fb4007c | Z50: rdewling@gmail.com | AA50: 45759.594 | AB50: 4/12/25 - 2:15 PM | AC50: Ashby Foltz | AD50: Robby Dewling | AE50: +34(+12) Thru F | AF50: +34(+12) Thru F | AH50: Thru F | AI50: 34 | AJ50: +34 | AK50: +34(+33) Thru F | AL50: +34(+33) Thru F | AM50: 18 | AN50: 3 | AO50: 2.3 | AP50: 1.3 | AR50: https://lh3.googleusercontent.com/d6XgkJYgYBB3KRLMb7bCiLX5DedLwt9ycSBejXeKkvaK_60xnWDLzGjcNs2XAF5MmnTCtQ6x03tyzfnUhBNr5IMxh_n2Z9u2YsG5qH8ihx0E7a5NiD4IsNlf4LkTZgVdWHzzzBNSnKzmiU-TMVXGUTKUs9BVmY5hHcin0dy0uYxkK5l8bSIz6KJ8TYx-zve9Z-Ys0wTxLy_KfXqETmSHUUdRYpe4HQ1gOG0eWGECi6eWJSPoHELPhQ4ArFb1yVS5n8CqrFM6ili8d7dNEyB-F90VUexs6_zpWBQrKxEiynQEgXdy2Kis4iGQof0JAIFvF1ATL69UAcKsx6mez8VCfwIQlTpvnKAbtUkR0iOJn4VVl46iMuORgiCHEi5749vTjqG_lEYA_j4LqmfXwJ3C9mv8M7vn6lj2z_IAc_Q9eCNDvMtT9kKvJc5wfNi8_X5thA2Bayfgqi5FcOJhCvnzZquqCu9HqsrcwkqdK0kK4nIrVdyjC3FkIqDsqF65SKOUU0TeL9NweDfDnDjA_Tco48WkgE52_3ZEqhIghii6cY-Adhb_wKPS5Xk-LPjC4nzFxX6LVLlsZ9llLHXqjrlcsPyS4imXcxVT95_w-XKh3zVjoQuRZ756VzjdX_yPVMYih8hzX1lHAOoeSEPayOu7KU9WWMXs5JL6sPq3FshQY-Ig2yIyhMlWQE8v=w116-h103-no | AS50: http://ncrdb.usga.org/ | AT50: 94 | AU50: Me | AW50: 3 | AX50: 18 | AZ50: Ashby Foltz | BA50: Brookfield Country Club - Gold (18 Holes) | BB50: 18 | BC50: 34
